
C2DP-V1.1.elf:     file format elf32-littleriscv
C2DP-V1.1.elf
architecture: riscv:rv32, flags 0x00000112:
EXEC_P, HAS_SYMS, D_PAGED
start address 0x00000000

Program Header:
    LOAD off    0x00001000 vaddr 0x00000000 paddr 0x00000000 align 2**12
         filesz 0x000031cc memsz 0x000031cc flags r-x
    LOAD off    0x00005000 vaddr 0x20000000 paddr 0x000031cc align 2**12
         filesz 0x000000f8 memsz 0x000001a0 flags rw-
    LOAD off    0x00005800 vaddr 0x20004800 paddr 0x20004800 align 2**12
         filesz 0x00000000 memsz 0x00000800 flags rw-

Sections:
Idx Name          Size      VMA       LMA       File off  Algn
  0 .init         00000004  00000000  00000000  00001000  2**1
                  CONTENTS, ALLOC, LOAD, READONLY, CODE
  1 .vector       000000fc  00000004  00000004  00001004  2**1
                  CONTENTS, ALLOC, LOAD, READONLY, CODE
  2 .text         000030cc  00000100  00000100  00001100  2**2
                  CONTENTS, ALLOC, LOAD, READONLY, CODE
  3 .fini         00000000  000031cc  000031cc  000050f8  2**0
                  CONTENTS, ALLOC, LOAD, CODE
  4 .dalign       00000000  20000000  20000000  000050f8  2**0
                  CONTENTS
  5 .dlalign      00000000  000031cc  000031cc  000050f8  2**0
                  CONTENTS
  6 .data         000000f8  20000000  000031cc  00005000  2**2
                  CONTENTS, ALLOC, LOAD, DATA
  7 .bss          000000a8  200000f8  000032c4  000050f8  2**2
                  ALLOC
  8 .stack        00000800  20004800  20004800  00005800  2**0
                  ALLOC
  9 .debug_info   0001309a  00000000  00000000  000050f8  2**0
                  CONTENTS, READONLY, DEBUGGING
 10 .debug_abbrev 000031aa  00000000  00000000  00018192  2**0
                  CONTENTS, READONLY, DEBUGGING
 11 .debug_aranges 00000950  00000000  00000000  0001b340  2**3
                  CONTENTS, READONLY, DEBUGGING
 12 .debug_ranges 00000938  00000000  00000000  0001bc90  2**3
                  CONTENTS, READONLY, DEBUGGING
 13 .debug_line   0000c776  00000000  00000000  0001c5c8  2**0
                  CONTENTS, READONLY, DEBUGGING
 14 .debug_str    000031fa  00000000  00000000  00028d3e  2**0
                  CONTENTS, READONLY, DEBUGGING
 15 .comment      00000033  00000000  00000000  0002bf38  2**0
                  CONTENTS, READONLY
 16 .debug_frame  00001d6c  00000000  00000000  0002bf6c  2**2
                  CONTENTS, READONLY, DEBUGGING
 17 .debug_loc    0000432c  00000000  00000000  0002dcd8  2**0
                  CONTENTS, READONLY, DEBUGGING
 18 .stab         00000084  00000000  00000000  00032004  2**2
                  CONTENTS, READONLY, DEBUGGING
 19 .stabstr      00000117  00000000  00000000  00032088  2**0
                  CONTENTS, READONLY, DEBUGGING
SYMBOL TABLE:
00000000 l    d  .init	00000000 .init
00000004 l    d  .vector	00000000 .vector
00000100 l    d  .text	00000000 .text
000031cc l    d  .fini	00000000 .fini
20000000 l    d  .dalign	00000000 .dalign
000031cc l    d  .dlalign	00000000 .dlalign
20000000 l    d  .data	00000000 .data
200000f8 l    d  .bss	00000000 .bss
20004800 l    d  .stack	00000000 .stack
00000000 l    d  .debug_info	00000000 .debug_info
00000000 l    d  .debug_abbrev	00000000 .debug_abbrev
00000000 l    d  .debug_aranges	00000000 .debug_aranges
00000000 l    d  .debug_ranges	00000000 .debug_ranges
00000000 l    d  .debug_line	00000000 .debug_line
00000000 l    d  .debug_str	00000000 .debug_str
00000000 l    d  .comment	00000000 .comment
00000000 l    d  .debug_frame	00000000 .debug_frame
00000000 l    d  .debug_loc	00000000 .debug_loc
00000000 l    d  .stab	00000000 .stab
00000000 l    d  .stabstr	00000000 .stabstr
00000000 l    df *ABS*	00000000 ./SRC/Startup/startup_ch32x035.o
00000004 l       .vector	00000000 _vector_base
00000000 l    df *ABS*	00000000 ch32x035_it.c
00000000 l    df *ABS*	00000000 main.c
00000000 l    df *ABS*	00000000 system_ch32x035.c
00000000 l    df *ABS*	00000000 PD_Basicfun.c
00000768 l     F .text	000000ac PD_Send_Handle.part.3
00000000 l    df *ABS*	00000000 PD_Process.c
00000000 l    df *ABS*	00000000 tim.c
00000000 l    df *ABS*	00000000 ch32x035_adc.c
00000000 l    df *ABS*	00000000 ch32x035_dbgmcu.c
00000000 l    df *ABS*	00000000 ch32x035_gpio.c
00000000 l    df *ABS*	00000000 ch32x035_misc.c
00000000 l    df *ABS*	00000000 ch32x035_rcc.c
2000003c l     O .data	00000010 APBAHBPrescTable
00000000 l    df *ABS*	00000000 ch32x035_tim.c
00000000 l    df *ABS*	00000000 ch32x035_usart.c
00000000 l    df *ABS*	00000000 debug.c
20000108 l     O .bss	00000002 p_ms
2000010a l     O .bss	00000001 p_us
200000ec l     O .data	00000004 curbrk.4453
00000000 l    df *ABS*	00000000 gpio.c
00000000 l    df *ABS*	00000000 ADC.c
00000000 l    df *ABS*	00000000 memcpy.c
00000000 l    df *ABS*	00000000 printf.c
00000000 l    df *ABS*	00000000 puts.c
00000000 l    df *ABS*	00000000 wbuf.c
00000000 l    df *ABS*	00000000 wsetup.c
00000000 l    df *ABS*	00000000 fflush.c
00000000 l    df *ABS*	00000000 findfp.c
00002016 l     F .text	00000066 std
00000000 l    df *ABS*	00000000 fwalk.c
00000000 l    df *ABS*	00000000 makebuf.c
00000000 l    df *ABS*	00000000 nano-mallocr.c
00000000 l    df *ABS*	00000000 nano-mallocr.c
00000000 l    df *ABS*	00000000 nano-vfprintf.c
0000249c l     F .text	00000028 __sfputc_r
00000000 l    df *ABS*	00000000 nano-vfprintf_i.c
00000000 l    df *ABS*	00000000 sbrkr.c
00000000 l    df *ABS*	00000000 stdio.c
00000000 l    df *ABS*	00000000 writer.c
00000000 l    df *ABS*	00000000 closer.c
00000000 l    df *ABS*	00000000 fstatr.c
00000000 l    df *ABS*	00000000 isattyr.c
00000000 l    df *ABS*	00000000 lseekr.c
00000000 l    df *ABS*	00000000 memchr.c
00000000 l    df *ABS*	00000000 mlock.c
00000000 l    df *ABS*	00000000 readr.c
00000000 l    df *ABS*	00000000 close.c
00000000 l    df *ABS*	00000000 fstat.c
00000000 l    df *ABS*	00000000 isatty.c
00000000 l    df *ABS*	00000000 lseek.c
00000000 l    df *ABS*	00000000 read.c
00000000 l    df *ABS*	00000000 impure.c
2000004c l     O .data	00000060 impure_data
00000000 l    df *ABS*	00000000 reent.c
00002c8c g     F .text	00000028 _isatty_r
200000b8 g     O .data	00000004 ACK_DP_Stat_Pos_1
00001bec g     F .text	000000d4 _puts_r
00002cb4 g     F .text	0000002c _lseek_r
00000fce g     F .text	000000fe PD_Main_Proc
00001982 g     F .text	0000002a MUX_CONF
00000aa4 g     F .text	00000052 PD_PHY_TX_DPAttention_Table_1
20000114 g     O .bss	0000001e Adapter_SrcCap
00001bac g     F .text	00000040 printf
200008b0 g       .data	00000000 __global_pointer$
00000108 g     F .text	00000028 .hidden __riscv_save_8
00001164  w      .text	00000000 TIM1_CC_IRQHandler
00001166  w      .text	00000000 TIM2_UP_IRQHandler
00002bd6 g     F .text	00000030 __sseek
000020cc g     F .text	00000066 __sinit
00001cca g     F .text	000000bc __swbuf_r
0000020a g     F .text	00000002 HardFault_Handler
00002086 g     F .text	00000046 __sfmoreglue
200000e0 g     O .data	00000004 CFGHR_tmpA
00002cfa g     F .text	00000002 __malloc_unlock
0000129a g     F .text	00000012 ADC_DMACmd
00000eb2 g     F .text	0000011c USBPD_IRQHandler
00000154 g     F .text	0000000c .hidden __riscv_restore_3
00001138  w      .text	00000000 SysTick_Handler
00001532 g     F .text	000000a6 NVIC_Init
0000113e  w      .text	00000000 PVD_IRQHandler
00000140 g     F .text	00000020 .hidden __riscv_restore_10
00000208 g     F .text	00000002 NMI_Handler
00000108 g     F .text	00000028 .hidden __riscv_save_11
0000139a g     F .text	0000000a DBGMCU_GetCHIPID
200000c4 g     O .data	00000008 DPAttention_Table
200000f8 g     O .bss	00000002 HPD_VALUE
000017de g     F .text	0000000a USART_GetFlagStatus
00002c62 g     F .text	0000002a _fstat_r
2000019c g     O .bss	00000004 errno
200000f8 g       .bss	00000000 _sbss
00000800 g       *ABS*	00000000 __stack_size
00001384 g     F .text	0000000a ADC_GetFlagStatus
0000187e g     F .text	00000054 USART_Printf_Init
0000116c  w      .text	00000000 EXTI25_16_IRQHandler
000019ac g     F .text	00000048 LED_INIT
00001174  w      .text	00000000 USBFS_IRQHandler
00000154 g     F .text	0000000c .hidden __riscv_restore_2
200000fd g     O .bss	00000001 Tmr_Ms_Cnt_Last
00001afa g     F .text	000000b2 memcpy
0000128a g     F .text	00000010 ADC_Cmd
20000100 g     O .bss	00000002 PD_Ack_Buf
0000207c g     F .text	0000000a _cleanup_r
00000562 g     F .text	000000aa PD_Detect
000009ea g     F .text	00000068 PD_Save_Adapter_SrcCap
000016e4 g     F .text	00000018 TIM_Cmd
00001cc0 g     F .text	0000000a puts
200000b0 g     O .data	00000004 SystemCoreClock
00002d34 g     F .text	0000000c _fstat
00000004 g       .init	00000000 _einit
00001726 g     F .text	0000000c TIM_ClearITPendingBit
00001634 g     F .text	0000001e RCC_APB2PeriphClockCmd
00000100 g     F .text	00000030 .hidden __riscv_save_12
0000138e g     F .text	0000000c ADC_CLKConfig
000013a4 g     F .text	0000016e GPIO_Init
00001136  w      .text	00000000 Break_Point_Handler
000004e8 g     F .text	0000007a PD_Init
00001182  w      .text	00000000 TIM2_TRG_COM_IRQHandler
00001180  w      .text	00000000 TIM2_CC_IRQHandler
00000140 g     F .text	00000020 .hidden __riscv_restore_11
20000104 g     O .bss	00000004 NVIC_Priority_Group
0000115c  w      .text	00000000 SPI1_IRQHandler
000017c0 g     F .text	00000016 USART_Cmd
00002b38 g     F .text	0000002a _sbrk_r
00000130 g     F .text	0000000c .hidden __riscv_save_1
00000154 g     F .text	0000000c .hidden __riscv_restore_0
00001144  w      .text	00000000 AWU_IRQHandler
00001142  w      .text	00000000 EXTI7_0_IRQHandler
00002cfc g     F .text	0000002c _read_r
00000116 g     F .text	0000001a .hidden __riscv_save_7
20000010 g     O .data	00000010 ACK_Disc_Ident
00001652 g     F .text	0000001e RCC_APB1PeriphClockCmd
00001132  w      .text	00000000 Ecall_M_Mode_Handler
20004800 g       .stack	00000000 _heap_end
200000b4 g     O .data	00000004 SrcCap_5V3A_Tab
00000af6 g     F .text	0000021a vdm_process
00002d40 g     F .text	0000000c _isatty
00001812 g     F .text	00000036 Delay_Us
200000f4 g     O .data	00000004 _global_impure_ptr
0000014a g     F .text	00000016 .hidden __riscv_restore_5
00001616 g     F .text	0000001e RCC_AHBPeriphClockCmd
0000114c  w      .text	00000000 DMA1_Channel4_IRQHandler
000012c4 g     F .text	000000b8 ADC_RegularChannelConfig
00001154  w      .text	00000000 ADC1_IRQHandler
0000190c g     F .text	00000026 _sbrk
0000137c g     F .text	00000008 ADC_GetConversionValue
00001184  w      .text	00000000 TIM2_BRK_IRQHandler
0000014a g     F .text	00000016 .hidden __riscv_restore_6
0000116e  w      .text	00000000 USART3_IRQHandler
200001a0 g       .bss	00000000 _ebss
00001152  w      .text	00000000 DMA1_Channel7_IRQHandler
000012ac g     F .text	00000018 ADC_SoftwareStartConvCmd
200000c0 g     O .data	00000004 ACK_Disc_SVID
000017e8 g     F .text	0000002a Delay_Init
20000154 g     O .bss	00000022 PD_Rx_Buf
20000102 g     O .bss	00000001 Recv2
200000fa g     O .bss	00000001 Tim_Ms_Cnt
0000117e  w      .text	00000000 USBPDWakeUp_IRQHandler
0000116a  w      .text	00000000 EXTI15_8_IRQHandler
00001512 g     F .text	00000016 GPIO_SetBits
00000108 g     F .text	00000028 .hidden __riscv_save_9
200000fe g     O .bss	00000001 Tmr_Ms_Dlt
00003130 g     O .text	00000020 __sf_fake_stderr
00000116 g     F .text	0000001a .hidden __riscv_save_4
00000884 g     F .text	00000080 PD_Send_TXBUF
00001156  w      .text	00000000 I2C1_EV_IRQHandler
00000904 g     F .text	00000036 PD_PDO_Analyse
00001170  w      .text	00000000 USART4_IRQHandler
0000170e g     F .text	00000018 TIM_GetITStatus
000015d8 g     F .text	0000003e RCC_GetClocksFreq
00001150  w      .text	00000000 DMA1_Channel6_IRQHandler
000024c4 g     F .text	00000040 __sfputs_r
00002ce0 g     F .text	00000018 memchr
000004b4 g     F .text	0000001a PD_SINK_Init
00001732 g     F .text	0000008e USART_Init
00002320 g     F .text	000000a8 _free_r
000003b2 g     F .text	00000030 TIM3_IRQHandler
00000130 g     F .text	0000000c .hidden __riscv_save_3
00001162  w      .text	00000000 TIM1_TRG_COM_IRQHandler
200000e8 g     O .data	00000004 CFGHR_tmpC
00001146  w      .text	00000000 DMA1_Channel1_IRQHandler
00000000 g       .init	00000000 _start
200000cc g     O .data	00000008 DPAttention_Table_1
20000000 g     O .data	00000010 AHBPrescTable
00002d4c g     F .text	0000000c _lseek
200000fc g     O .bss	00000001 PDO_Len
000016fc g     F .text	00000012 TIM_ITConfig
00000462 g     F .text	00000052 PD_Rx_Mode
00000a52 g     F .text	00000052 PD_PHY_TX_DPAttention_Table
00001172  w      .text	00000000 DMA1_Channel8_IRQHandler
200000d4 g     O .data	00000004 SinkCap_5V1A_Tab
00001528 g     F .text	00000004 GPIO_ResetBits
20000020 g     O .data	0000001c SrcCap_Ext_Tab
00002c3a g     F .text	00000028 _close_r
20000000 g       .dalign	00000000 _data_vma
000006aa g     F .text	000000be PD_Phy_SendPack
00001d86 g     F .text	000000fc __swsetup_r
00001178  w      .text	00000000 PIOC_IRQHandler
00002132 g     F .text	0000009c __sfp
00000108 g     F .text	00000028 .hidden __riscv_save_10
00002b62 g     F .text	0000002c __sread
00002cf8 g     F .text	00000002 __malloc_lock
0000014a g     F .text	00000016 .hidden __riscv_restore_4
00000140 g     F .text	00000020 .hidden __riscv_restore_8
00001fb2 g     F .text	00000064 _fflush_r
00000116 g     F .text	0000001a .hidden __riscv_save_6
00003150 g     O .text	00000020 __sf_fake_stdin
00000160 g     F .text	000000a8 memset
00000140 g     F .text	00000020 .hidden __riscv_restore_9
0000014a g     F .text	00000016 .hidden __riscv_restore_7
0000020c g     F .text	000001a6 main
000010cc g     F .text	00000062 TIM3_Init
200000bc g     O .data	00000004 ACK_Disc_Mode
00002c06 g     F .text	00000006 __sclose
000023c8 g     F .text	000000d4 _malloc_r
0000114e  w      .text	00000000 DMA1_Channel5_IRQHandler
00001848 g     F .text	00000036 Delay_Ms
200000e4 g     O .data	00000004 CFGHR_tmpB
0000060c g     F .text	0000009e PD_Det_Proc
000003e2 g     F .text	00000042 SystemInit
00000866 g     F .text	0000001e PD_Send_Handle
00001bac g     F .text	00000040 iprintf
00000000 g       .init	00000000 _sinit
00002c0c g     F .text	0000002e _write_r
0000114a  w      .text	00000000 DMA1_Channel3_IRQHandler
00001932 g     F .text	00000050 MUX_INIT
0000278a g     F .text	0000010c _printf_common
200000f0 g     O .data	00000004 _impure_ptr
00001ac0 g     F .text	0000003a Get_ADC_Val
00001a32 g     F .text	0000008e ADC_Function_Init
00001160  w      .text	00000000 TIM1_UP_IRQHandler
00001e82 g     F .text	00000130 __sflush_r
00000814 g     F .text	00000052 PD_Load_Header
0000113c  w      .text	00000000 WWDG_IRQHandler
00001134  w      .text	00000000 Ecall_U_Mode_Handler
20005000 g       .stack	00000000 _eusrstack
000004ce g     F .text	0000001a PD_PHY_Reset
00000130 g     F .text	0000000c .hidden __riscv_save_2
0000093a g     F .text	000000b0 PDO_Request
0000113a  w      .text	00000000 SW_Handler
0000120e g     F .text	00000026 ADC_DeInit
0000115e  w      .text	00000000 TIM1_BRK_IRQHandler
00002238 g     F .text	00000058 __swhatbuf_r
00001234 g     F .text	00000056 ADC_Init
000017d6 g     F .text	00000008 USART_SendData
0000117a  w      .text	00000000 OPA_IRQHandler
200000d8 g     O .data	00000008 Status_Ext_Tab
00000d10 g     F .text	000001a2 PD_Message_Process
00000116 g     F .text	0000001a .hidden __riscv_save_5
000018d2 g     F .text	0000003a _write
200000f8 g       .data	00000000 _edata
200001a0 g       .bss	00000000 _end
0000168e g     F .text	00000056 TIM_TimeBaseInit
000031cc g       .dlalign	00000000 _data_lma
00001168  w      .text	00000000 USART2_IRQHandler
00002b8e g     F .text	00000048 __swrite
00002504 g     F .text	00000286 _vfiprintf_r
000021ce g     F .text	0000006a _fwalk_reent
00000424 g     F .text	0000003e SystemCoreClockUpdate
00001148  w      .text	00000000 DMA1_Channel2_IRQHandler
00003170 g     O .text	00000020 __sf_fake_stdout
0000013c g     F .text	00000024 .hidden __riscv_restore_12
200000fb g     O .bss	00000001 flg_a
00002d58 g     F .text	0000000c _read
00001188  w      .text	00000000 handle_reset
00001140  w      .text	00000000 FLASH_IRQHandler
00000130 g     F .text	0000000c .hidden __riscv_save_0
00001176  w      .text	00000000 USBFSWakeUp_IRQHandler
0000115a  w      .text	00000000 USART1_IRQHandler
00002290 g     F .text	00000090 __smakebuf_r
00002896 g     F .text	000002a2 _printf_i
20000110 g     O .bss	00000004 __malloc_sbrk_start
00001670 g     F .text	0000001e RCC_APB2PeriphResetCmd
00001158  w      .text	00000000 I2C1_ER_IRQHandler
20000134 g     O .bss	00000020 PD_Ctl
0000152c g     F .text	00000006 NVIC_PriorityGroupConfig
2000010c g     O .bss	00000004 __malloc_free_list
00000154 g     F .text	0000000c .hidden __riscv_restore_1
00002504 g     F .text	00000286 _vfprintf_r
20000178 g     O .bss	00000022 PD_Tx_Buf
000019f4 g     F .text	0000003e LED_TURN
00002d28 g     F .text	0000000c _close



Disassembly of section .init:

00000000 <_sinit>:
   0:	1880106f          	j	1188 <handle_reset>

Disassembly of section .vector:

00000004 <_vector_base>:
	...
   c:	0208                	addi	a0,sp,256
   e:	0000                	unimp
  10:	020a                	slli	tp,tp,0x2
  12:	0000                	unimp
  14:	0000                	unimp
  16:	0000                	unimp
  18:	1132                	slli	sp,sp,0x2c
	...
  22:	0000                	unimp
  24:	1134                	addi	a3,sp,168
  26:	0000                	unimp
  28:	1136                	slli	sp,sp,0x2d
	...
  32:	0000                	unimp
  34:	1138                	addi	a4,sp,168
  36:	0000                	unimp
  38:	0000                	unimp
  3a:	0000                	unimp
  3c:	113a                	slli	sp,sp,0x2e
  3e:	0000                	unimp
  40:	0000                	unimp
  42:	0000                	unimp
  44:	113c                	addi	a5,sp,168
  46:	0000                	unimp
  48:	113e                	slli	sp,sp,0x2f
  4a:	0000                	unimp
  4c:	1140                	addi	s0,sp,164
  4e:	0000                	unimp
  50:	0000                	unimp
  52:	0000                	unimp
  54:	1142                	slli	sp,sp,0x30
  56:	0000                	unimp
  58:	1144                	addi	s1,sp,164
  5a:	0000                	unimp
  5c:	1146                	slli	sp,sp,0x31
  5e:	0000                	unimp
  60:	1148                	addi	a0,sp,164
  62:	0000                	unimp
  64:	114a                	slli	sp,sp,0x32
  66:	0000                	unimp
  68:	114c                	addi	a1,sp,164
  6a:	0000                	unimp
  6c:	114e                	slli	sp,sp,0x33
  6e:	0000                	unimp
  70:	1150                	addi	a2,sp,164
  72:	0000                	unimp
  74:	1152                	slli	sp,sp,0x34
  76:	0000                	unimp
  78:	1154                	addi	a3,sp,164
  7a:	0000                	unimp
  7c:	1156                	slli	sp,sp,0x35
  7e:	0000                	unimp
  80:	1158                	addi	a4,sp,164
  82:	0000                	unimp
  84:	115a                	slli	sp,sp,0x36
  86:	0000                	unimp
  88:	115c                	addi	a5,sp,164
  8a:	0000                	unimp
  8c:	115e                	slli	sp,sp,0x37
  8e:	0000                	unimp
  90:	1160                	addi	s0,sp,172
  92:	0000                	unimp
  94:	1162                	slli	sp,sp,0x38
  96:	0000                	unimp
  98:	1164                	addi	s1,sp,172
  9a:	0000                	unimp
  9c:	1166                	slli	sp,sp,0x39
  9e:	0000                	unimp
  a0:	1168                	addi	a0,sp,172
  a2:	0000                	unimp
  a4:	116a                	slli	sp,sp,0x3a
  a6:	0000                	unimp
  a8:	116c                	addi	a1,sp,172
  aa:	0000                	unimp
  ac:	116e                	slli	sp,sp,0x3b
  ae:	0000                	unimp
  b0:	1170                	addi	a2,sp,172
  b2:	0000                	unimp
  b4:	1172                	slli	sp,sp,0x3c
  b6:	0000                	unimp
  b8:	1174                	addi	a3,sp,172
  ba:	0000                	unimp
  bc:	1176                	slli	sp,sp,0x3d
  be:	0000                	unimp
  c0:	1178                	addi	a4,sp,172
  c2:	0000                	unimp
  c4:	117a                	slli	sp,sp,0x3e
  c6:	0000                	unimp
  c8:	0eb2                	slli	t4,t4,0xc
  ca:	0000                	unimp
  cc:	117e                	slli	sp,sp,0x3f
  ce:	0000                	unimp
  d0:	1180                	addi	s0,sp,224
  d2:	0000                	unimp
  d4:	1182                	slli	gp,gp,0x20
  d6:	0000                	unimp
  d8:	1184                	addi	s1,sp,224
  da:	0000                	unimp
  dc:	03b2                	slli	t2,t2,0xc
	...

Disassembly of section .text:

00000100 <__riscv_save_12>:
     100:	7139                	addi	sp,sp,-64
     102:	4301                	li	t1,0
     104:	c66e                	sw	s11,12(sp)
     106:	a019                	j	10c <__riscv_save_10+0x4>

00000108 <__riscv_save_10>:
     108:	7139                	addi	sp,sp,-64
     10a:	5341                	li	t1,-16
     10c:	c86a                	sw	s10,16(sp)
     10e:	ca66                	sw	s9,20(sp)
     110:	cc62                	sw	s8,24(sp)
     112:	ce5e                	sw	s7,28(sp)
     114:	a019                	j	11a <__riscv_save_4+0x4>

00000116 <__riscv_save_4>:
     116:	7139                	addi	sp,sp,-64
     118:	5301                	li	t1,-32
     11a:	d05a                	sw	s6,32(sp)
     11c:	d256                	sw	s5,36(sp)
     11e:	d452                	sw	s4,40(sp)
     120:	d64e                	sw	s3,44(sp)
     122:	d84a                	sw	s2,48(sp)
     124:	da26                	sw	s1,52(sp)
     126:	dc22                	sw	s0,56(sp)
     128:	de06                	sw	ra,60(sp)
     12a:	40610133          	sub	sp,sp,t1
     12e:	8282                	jr	t0

00000130 <__riscv_save_0>:
     130:	1141                	addi	sp,sp,-16
     132:	c04a                	sw	s2,0(sp)
     134:	c226                	sw	s1,4(sp)
     136:	c422                	sw	s0,8(sp)
     138:	c606                	sw	ra,12(sp)
     13a:	8282                	jr	t0

0000013c <__riscv_restore_12>:
     13c:	4db2                	lw	s11,12(sp)
     13e:	0141                	addi	sp,sp,16

00000140 <__riscv_restore_10>:
     140:	4d02                	lw	s10,0(sp)
     142:	4c92                	lw	s9,4(sp)
     144:	4c22                	lw	s8,8(sp)
     146:	4bb2                	lw	s7,12(sp)
     148:	0141                	addi	sp,sp,16

0000014a <__riscv_restore_4>:
     14a:	4b02                	lw	s6,0(sp)
     14c:	4a92                	lw	s5,4(sp)
     14e:	4a22                	lw	s4,8(sp)
     150:	49b2                	lw	s3,12(sp)
     152:	0141                	addi	sp,sp,16

00000154 <__riscv_restore_0>:
     154:	4902                	lw	s2,0(sp)
     156:	4492                	lw	s1,4(sp)
     158:	4422                	lw	s0,8(sp)
     15a:	40b2                	lw	ra,12(sp)
     15c:	0141                	addi	sp,sp,16
     15e:	8082                	ret

00000160 <memset>:
     160:	433d                	li	t1,15
     162:	872a                	mv	a4,a0
     164:	02c37363          	bgeu	t1,a2,18a <memset+0x2a>
     168:	00f77793          	andi	a5,a4,15
     16c:	efbd                	bnez	a5,1ea <memset+0x8a>
     16e:	e5ad                	bnez	a1,1d8 <memset+0x78>
     170:	ff067693          	andi	a3,a2,-16
     174:	8a3d                	andi	a2,a2,15
     176:	96ba                	add	a3,a3,a4
     178:	c30c                	sw	a1,0(a4)
     17a:	c34c                	sw	a1,4(a4)
     17c:	c70c                	sw	a1,8(a4)
     17e:	c74c                	sw	a1,12(a4)
     180:	0741                	addi	a4,a4,16
     182:	fed76be3          	bltu	a4,a3,178 <memset+0x18>
     186:	e211                	bnez	a2,18a <memset+0x2a>
     188:	8082                	ret
     18a:	40c306b3          	sub	a3,t1,a2
     18e:	068a                	slli	a3,a3,0x2
     190:	00000297          	auipc	t0,0x0
     194:	9696                	add	a3,a3,t0
     196:	00a68067          	jr	10(a3)
     19a:	00b70723          	sb	a1,14(a4)
     19e:	00b706a3          	sb	a1,13(a4)
     1a2:	00b70623          	sb	a1,12(a4)
     1a6:	00b705a3          	sb	a1,11(a4)
     1aa:	00b70523          	sb	a1,10(a4)
     1ae:	00b704a3          	sb	a1,9(a4)
     1b2:	00b70423          	sb	a1,8(a4)
     1b6:	00b703a3          	sb	a1,7(a4)
     1ba:	00b70323          	sb	a1,6(a4)
     1be:	00b702a3          	sb	a1,5(a4)
     1c2:	00b70223          	sb	a1,4(a4)
     1c6:	00b701a3          	sb	a1,3(a4)
     1ca:	00b70123          	sb	a1,2(a4)
     1ce:	00b700a3          	sb	a1,1(a4)
     1d2:	00b70023          	sb	a1,0(a4)
     1d6:	8082                	ret
     1d8:	0ff5f593          	andi	a1,a1,255
     1dc:	00859693          	slli	a3,a1,0x8
     1e0:	8dd5                	or	a1,a1,a3
     1e2:	01059693          	slli	a3,a1,0x10
     1e6:	8dd5                	or	a1,a1,a3
     1e8:	b761                	j	170 <memset+0x10>
     1ea:	00279693          	slli	a3,a5,0x2
     1ee:	00000297          	auipc	t0,0x0
     1f2:	9696                	add	a3,a3,t0
     1f4:	8286                	mv	t0,ra
     1f6:	fa8680e7          	jalr	-88(a3)
     1fa:	8096                	mv	ra,t0
     1fc:	17c1                	addi	a5,a5,-16
     1fe:	8f1d                	sub	a4,a4,a5
     200:	963e                	add	a2,a2,a5
     202:	f8c374e3          	bgeu	t1,a2,18a <memset+0x2a>
     206:	b7a5                	j	16e <memset+0xe>

00000208 <NMI_Handler>:
     208:	a001                	j	208 <NMI_Handler>

0000020a <HardFault_Handler>:
     20a:	a001                	j	20a <HardFault_Handler>

0000020c <main>:
     20c:	f0bff2ef          	jal	t0,116 <__riscv_save_4>
     210:	4505                	li	a0,1
     212:	31a010ef          	jal	ra,152c <NVIC_PriorityGroupConfig>
     216:	2439                	jal	424 <SystemCoreClockUpdate>
     218:	5d0010ef          	jal	ra,17e8 <Delay_Init>
     21c:	6571                	lui	a0,0x1c
     21e:	20050513          	addi	a0,a0,512 # 1c200 <_data_lma+0x19034>
     222:	65c010ef          	jal	ra,187e <USART_Printf_Init>
     226:	200007b7          	lui	a5,0x20000
     22a:	0b07a583          	lw	a1,176(a5) # 200000b0 <SystemCoreClock>
     22e:	00003537          	lui	a0,0x3
     232:	d7c50513          	addi	a0,a0,-644 # 2d7c <_read+0x24>
     236:	177010ef          	jal	ra,1bac <iprintf>
     23a:	160010ef          	jal	ra,139a <DBGMCU_GetCHIPID>
     23e:	85aa                	mv	a1,a0
     240:	00003537          	lui	a0,0x3
     244:	d9050513          	addi	a0,a0,-624 # 2d90 <_read+0x38>
     248:	165010ef          	jal	ra,1bac <iprintf>
     24c:	00003537          	lui	a0,0x3
     250:	da050513          	addi	a0,a0,-608 # 2da0 <_read+0x48>
     254:	26d010ef          	jal	ra,1cc0 <puts>
     258:	7da010ef          	jal	ra,1a32 <ADC_Function_Init>
     25c:	750010ef          	jal	ra,19ac <LED_INIT>
     260:	6d2010ef          	jal	ra,1932 <MUX_INIT>
     264:	2451                	jal	4e8 <PD_Init>
     266:	02f00593          	li	a1,47
     26a:	3e700513          	li	a0,999
     26e:	40000937          	lui	s2,0x40000
     272:	698d                	lui	s3,0x3
     274:	659000ef          	jal	ra,10cc <TIM3_Init>
     278:	40090913          	addi	s2,s2,1024 # 40000400 <_eusrstack+0x1fffb400>
     27c:	88418413          	addi	s0,gp,-1916 # 20000134 <PD_Ctl>
     280:	d6498993          	addi	s3,s3,-668 # 2d64 <_read+0xc>
     284:	4505                	li	a0,1
     286:	5c2010ef          	jal	ra,1848 <Delay_Ms>
     28a:	4601                	li	a2,0
     28c:	4585                	li	a1,1
     28e:	854a                	mv	a0,s2
     290:	46c010ef          	jal	ra,16fc <TIM_ITConfig>
     294:	84a1c683          	lbu	a3,-1974(gp) # 200000fa <Tim_Ms_Cnt>
     298:	84d1c783          	lbu	a5,-1971(gp) # 200000fd <Tmr_Ms_Cnt_Last>
     29c:	4605                	li	a2,1
     29e:	4585                	li	a1,1
     2a0:	40f687b3          	sub	a5,a3,a5
     2a4:	854a                	mv	a0,s2
     2a6:	84d186a3          	sb	a3,-1971(gp) # 200000fd <Tmr_Ms_Cnt_Last>
     2aa:	84f18723          	sb	a5,-1970(gp) # 200000fe <Tmr_Ms_Dlt>
     2ae:	44e010ef          	jal	ra,16fc <TIM_ITConfig>
     2b2:	341c                	lbu	a5,9(s0)
     2b4:	84e1c703          	lbu	a4,-1970(gp) # 200000fe <Tmr_Ms_Dlt>
     2b8:	4695                	li	a3,5
     2ba:	97ba                	add	a5,a5,a4
     2bc:	84b1c703          	lbu	a4,-1973(gp) # 200000fb <flg_a>
     2c0:	0ff7f793          	andi	a5,a5,255
     2c4:	b41c                	sb	a5,9(s0)
     2c6:	84b18493          	addi	s1,gp,-1973 # 200000fb <flg_a>
     2ca:	02e6e663          	bltu	a3,a4,2f6 <main+0xea>
     2ce:	070a                	slli	a4,a4,0x2
     2d0:	974e                	add	a4,a4,s3
     2d2:	4318                	lw	a4,0(a4)
     2d4:	8702                	jr	a4
     2d6:	2c1e                	lhu	a5,24(s0)
     2d8:	8b89                	andi	a5,a5,2
     2da:	c781                	beqz	a5,2e2 <main+0xd6>
     2dc:	4785                	li	a5,1
     2de:	a09c                	sb	a5,0(s1)
     2e0:	a819                	j	2f6 <main+0xea>
     2e2:	00003537          	lui	a0,0x3
     2e6:	db050513          	addi	a0,a0,-592 # 2db0 <_read+0x58>
     2ea:	1d7010ef          	jal	ra,1cc0 <puts>
     2ee:	2c3c                	lbu	a5,26(s0)
     2f0:	9bf1                	andi	a5,a5,-4
     2f2:	ac3c                	sb	a5,26(s0)
     2f4:	2e21                	jal	60c <PD_Det_Proc>
     2f6:	209c                	lbu	a5,0(s1)
     2f8:	d7d1                	beqz	a5,284 <main+0x78>
     2fa:	4d5000ef          	jal	ra,fce <PD_Main_Proc>
     2fe:	b759                	j	284 <main+0x78>
     300:	2c3c                	lbu	a5,26(s0)
     302:	8b85                	andi	a5,a5,1
     304:	dbed                	beqz	a5,2f6 <main+0xea>
     306:	00003537          	lui	a0,0x3
     30a:	dc450513          	addi	a0,a0,-572 # 2dc4 <_read+0x6c>
     30e:	1b3010ef          	jal	ra,1cc0 <puts>
     312:	4789                	li	a5,2
     314:	b7e9                	j	2de <main+0xd2>
     316:	2c3c                	lbu	a5,26(s0)
     318:	8b89                	andi	a5,a5,2
     31a:	dff1                	beqz	a5,2f6 <main+0xea>
     31c:	00003537          	lui	a0,0x3
     320:	ddc50513          	addi	a0,a0,-548 # 2ddc <_read+0x84>
     324:	19d010ef          	jal	ra,1cc0 <puts>
     328:	478d                	li	a5,3
     32a:	bf55                	j	2de <main+0xd2>
     32c:	4511                	li	a0,4
     32e:	792010ef          	jal	ra,1ac0 <Get_ADC_Val>
     332:	84818b13          	addi	s6,gp,-1976 # 200000f8 <_edata>
     336:	85aa                	mv	a1,a0
     338:	00ab1023          	sh	a0,0(s6)
     33c:	00003537          	lui	a0,0x3
     340:	df450513          	addi	a0,a0,-524 # 2df4 <_read+0x9c>
     344:	069010ef          	jal	ra,1bac <iprintf>
     348:	000b5703          	lhu	a4,0(s6)
     34c:	6785                	lui	a5,0x1
     34e:	bb878793          	addi	a5,a5,-1096 # bb8 <vdm_process+0xc2>
     352:	fae7f2e3          	bgeu	a5,a4,2f6 <main+0xea>
     356:	4791                	li	a5,4
     358:	a09c                	sb	a5,0(s1)
     35a:	000404a3          	sb	zero,9(s0)
     35e:	bf61                	j	2f6 <main+0xea>
     360:	06300713          	li	a4,99
     364:	f8f779e3          	bgeu	a4,a5,2f6 <main+0xea>
     368:	6ea000ef          	jal	ra,a52 <PD_PHY_TX_DPAttention_Table>
     36c:	00003537          	lui	a0,0x3
     370:	e0450513          	addi	a0,a0,-508 # 2e04 <_read+0xac>
     374:	14d010ef          	jal	ra,1cc0 <puts>
     378:	4795                	li	a5,5
     37a:	b795                	j	2de <main+0xd2>
     37c:	06300713          	li	a4,99
     380:	f6f77be3          	bgeu	a4,a5,2f6 <main+0xea>
     384:	4511                	li	a0,4
     386:	73a010ef          	jal	ra,1ac0 <Get_ADC_Val>
     38a:	84818b13          	addi	s6,gp,-1976 # 200000f8 <_edata>
     38e:	85aa                	mv	a1,a0
     390:	00ab1023          	sh	a0,0(s6)
     394:	00003537          	lui	a0,0x3
     398:	df450513          	addi	a0,a0,-524 # 2df4 <_read+0x9c>
     39c:	011010ef          	jal	ra,1bac <iprintf>
     3a0:	000b5703          	lhu	a4,0(s6)
     3a4:	7cf00793          	li	a5,1999
     3a8:	f4e7e7e3          	bltu	a5,a4,2f6 <main+0xea>
     3ac:	6f8000ef          	jal	ra,aa4 <PD_PHY_TX_DPAttention_Table_1>
     3b0:	bfa5                	j	328 <main+0x11c>

000003b2 <TIM3_IRQHandler>:
     3b2:	1141                	addi	sp,sp,-16
     3b4:	c622                	sw	s0,12(sp)
     3b6:	40000437          	lui	s0,0x40000
     3ba:	4585                	li	a1,1
     3bc:	40040513          	addi	a0,s0,1024 # 40000400 <_eusrstack+0x1fffb400>
     3c0:	34e010ef          	jal	ra,170e <TIM_GetITStatus>
     3c4:	c919                	beqz	a0,3da <TIM3_IRQHandler+0x28>
     3c6:	84a18793          	addi	a5,gp,-1974 # 200000fa <Tim_Ms_Cnt>
     3ca:	2398                	lbu	a4,0(a5)
     3cc:	4585                	li	a1,1
     3ce:	40040513          	addi	a0,s0,1024
     3d2:	0705                	addi	a4,a4,1
     3d4:	a398                	sb	a4,0(a5)
     3d6:	350010ef          	jal	ra,1726 <TIM_ClearITPendingBit>
     3da:	4432                	lw	s0,12(sp)
     3dc:	0141                	addi	sp,sp,16
     3de:	30200073          	mret

000003e2 <SystemInit>:
     3e2:	400217b7          	lui	a5,0x40021
     3e6:	4398                	lw	a4,0(a5)
     3e8:	f90006b7          	lui	a3,0xf9000
     3ec:	f5f68693          	addi	a3,a3,-161 # f8ffff5f <_eusrstack+0xd8ffaf5f>
     3f0:	00176713          	ori	a4,a4,1
     3f4:	c398                	sw	a4,0(a5)
     3f6:	43d8                	lw	a4,4(a5)
     3f8:	05076713          	ori	a4,a4,80
     3fc:	c3d8                	sw	a4,4(a5)
     3fe:	43d8                	lw	a4,4(a5)
     400:	8f75                	and	a4,a4,a3
     402:	c3d8                	sw	a4,4(a5)
     404:	40022737          	lui	a4,0x40022
     408:	4314                	lw	a3,0(a4)
     40a:	9af1                	andi	a3,a3,-4
     40c:	c314                	sw	a3,0(a4)
     40e:	4314                	lw	a3,0(a4)
     410:	0026e693          	ori	a3,a3,2
     414:	c314                	sw	a3,0(a4)
     416:	43d8                	lw	a4,4(a5)
     418:	f0f77713          	andi	a4,a4,-241
     41c:	c3d8                	sw	a4,4(a5)
     41e:	43d8                	lw	a4,4(a5)
     420:	c3d8                	sw	a4,4(a5)
     422:	8082                	ret

00000424 <SystemCoreClockUpdate>:
     424:	400216b7          	lui	a3,0x40021
     428:	42dc                	lw	a5,4(a3)
     42a:	8391                	srli	a5,a5,0x4
     42c:	00f7f713          	andi	a4,a5,15
     430:	200007b7          	lui	a5,0x20000
     434:	00078793          	mv	a5,a5
     438:	97ba                	add	a5,a5,a4
     43a:	239c                	lbu	a5,0(a5)
     43c:	42d4                	lw	a3,4(a3)
     43e:	02dc7737          	lui	a4,0x2dc7
     442:	0ff7f793          	andi	a5,a5,255
     446:	c0070713          	addi	a4,a4,-1024 # 2dc6c00 <_data_lma+0x2dc3a34>
     44a:	0806f693          	andi	a3,a3,128
     44e:	00f75633          	srl	a2,a4,a5
     452:	e299                	bnez	a3,458 <SystemCoreClockUpdate+0x34>
     454:	02f75633          	divu	a2,a4,a5
     458:	200007b7          	lui	a5,0x20000
     45c:	0ac7a823          	sw	a2,176(a5) # 200000b0 <SystemCoreClock>
     460:	8082                	ret

00000462 <PD_Rx_Mode>:
     462:	400277b7          	lui	a5,0x40027
     466:	239a                	lhu	a4,0(a5)
     468:	00276713          	ori	a4,a4,2
     46c:	a39a                	sh	a4,0(a5)
     46e:	239a                	lhu	a4,0(a5)
     470:	0742                	slli	a4,a4,0x10
     472:	8341                	srli	a4,a4,0x10
     474:	9b75                	andi	a4,a4,-3
     476:	0742                	slli	a4,a4,0x10
     478:	8341                	srli	a4,a4,0x10
     47a:	a39a                	sh	a4,0(a5)
     47c:	2396                	lhu	a3,0(a5)
     47e:	6719                	lui	a4,0x6
     480:	0721                	addi	a4,a4,8
     482:	8f55                	or	a4,a4,a3
     484:	a39a                	sh	a4,0(a5)
     486:	8a418713          	addi	a4,gp,-1884 # 20000154 <PD_Rx_Buf>
     48a:	0742                	slli	a4,a4,0x10
     48c:	8341                	srli	a4,a4,0x10
     48e:	ab9a                	sh	a4,16(a5)
     490:	23d8                	lbu	a4,4(a5)
     492:	0fe77713          	andi	a4,a4,254
     496:	a3d8                	sb	a4,4(a5)
     498:	07700713          	li	a4,119
     49c:	a3ba                	sh	a4,2(a5)
     49e:	23d8                	lbu	a4,4(a5)
     4a0:	00276713          	ori	a4,a4,2
     4a4:	a3d8                	sb	a4,4(a5)
     4a6:	e000e7b7          	lui	a5,0xe000e
     4aa:	00020737          	lui	a4,0x20
     4ae:	10e7a223          	sw	a4,260(a5) # e000e104 <_eusrstack+0xc0009104>
     4b2:	8082                	ret

000004b4 <PD_SINK_Init>:
     4b4:	88418793          	addi	a5,gp,-1916 # 20000134 <PD_Ctl>
     4b8:	2f98                	lbu	a4,24(a5)
     4ba:	fcf77713          	andi	a4,a4,-49
     4be:	af98                	sb	a4,24(a5)
     4c0:	400277b7          	lui	a5,0x40027
     4c4:	0a200713          	li	a4,162
     4c8:	a7da                	sh	a4,12(a5)
     4ca:	a7fa                	sh	a4,14(a5)
     4cc:	8082                	ret

000004ce <PD_PHY_Reset>:
     4ce:	c63ff2ef          	jal	t0,130 <__riscv_save_0>
     4d2:	37cd                	jal	4b4 <PD_SINK_Init>
     4d4:	88418793          	addi	a5,gp,-1916 # 20000134 <PD_Ctl>
     4d8:	2f9a                	lhu	a4,24(a5)
     4da:	76fd                	lui	a3,0xfffff
     4dc:	16ed                	addi	a3,a3,-5
     4de:	8f75                	and	a4,a4,a3
     4e0:	0007a023          	sw	zero,0(a5) # 40027000 <_eusrstack+0x20022000>
     4e4:	af9a                	sh	a4,24(a5)
     4e6:	b1bd                	j	154 <__riscv_restore_0>

000004e8 <PD_Init>:
     4e8:	c49ff2ef          	jal	t0,130 <__riscv_save_0>
     4ec:	1141                	addi	sp,sp,-16
     4ee:	4585                	li	a1,1
     4f0:	4541                	li	a0,16
     4f2:	c202                	sw	zero,4(sp)
     4f4:	c402                	sw	zero,8(sp)
     4f6:	c602                	sw	zero,12(sp)
     4f8:	13c010ef          	jal	ra,1634 <RCC_APB2PeriphClockCmd>
     4fc:	4585                	li	a1,1
     4fe:	4505                	li	a0,1
     500:	134010ef          	jal	ra,1634 <RCC_APB2PeriphClockCmd>
     504:	4585                	li	a1,1
     506:	00020537          	lui	a0,0x20
     50a:	10c010ef          	jal	ra,1616 <RCC_AHBPeriphClockCmd>
     50e:	67b1                	lui	a5,0xc
     510:	4405                	li	s0,1
     512:	c23e                	sw	a5,4(sp)
     514:	004c                	addi	a1,sp,4
     516:	4791                	li	a5,4
     518:	40011537          	lui	a0,0x40011
     51c:	c422                	sw	s0,8(sp)
     51e:	c63e                	sw	a5,12(sp)
     520:	685000ef          	jal	ra,13a4 <GPIO_Init>
     524:	40010737          	lui	a4,0x40010
     528:	4f1c                	lw	a5,24(a4)
     52a:	02000613          	li	a2,32
     52e:	3007e793          	ori	a5,a5,768
     532:	cf1c                	sw	a5,24(a4)
     534:	400277b7          	lui	a5,0x40027
     538:	4721                	li	a4,8
     53a:	a39a                	sh	a4,0(a5)
     53c:	5771                	li	a4,-4
     53e:	b798                	sb	a4,9(a5)
     540:	4581                	li	a1,0
     542:	88418513          	addi	a0,gp,-1916 # 20000134 <PD_Ctl>
     546:	3929                	jal	160 <memset>
     548:	86418513          	addi	a0,gp,-1948 # 20000114 <Adapter_SrcCap>
     54c:	4611                	li	a2,4
     54e:	80418593          	addi	a1,gp,-2044 # 200000b4 <SrcCap_5V3A_Tab>
     552:	a100                	sb	s0,0(a0)
     554:	0505                	addi	a0,a0,1
     556:	5a4010ef          	jal	ra,1afa <memcpy>
     55a:	3f95                	jal	4ce <PD_PHY_Reset>
     55c:	3719                	jal	462 <PD_Rx_Mode>
     55e:	0141                	addi	sp,sp,16
     560:	bed5                	j	154 <__riscv_restore_0>

00000562 <PD_Detect>:
     562:	89c1d783          	lhu	a5,-1892(gp) # 2000014c <PD_Ctl+0x18>
     566:	8b89                	andi	a5,a5,2
     568:	c399                	beqz	a5,56e <PD_Detect+0xc>
     56a:	4501                	li	a0,0
     56c:	8082                	ret
     56e:	bc3ff2ef          	jal	t0,130 <__riscv_save_0>
     572:	40027437          	lui	s0,0x40027
     576:	245e                	lhu	a5,12(s0)
     578:	4509                	li	a0,2
     57a:	07c2                	slli	a5,a5,0x10
     57c:	83c1                	srli	a5,a5,0x10
     57e:	f1e7f793          	andi	a5,a5,-226
     582:	07c2                	slli	a5,a5,0x10
     584:	83c1                	srli	a5,a5,0x10
     586:	a45e                	sh	a5,12(s0)
     588:	245e                	lhu	a5,12(s0)
     58a:	0407e793          	ori	a5,a5,64
     58e:	a45e                	sh	a5,12(s0)
     590:	282010ef          	jal	ra,1812 <Delay_Us>
     594:	2446                	lhu	s1,12(s0)
     596:	245e                	lhu	a5,12(s0)
     598:	4509                	li	a0,2
     59a:	04c2                	slli	s1,s1,0x10
     59c:	07c2                	slli	a5,a5,0x10
     59e:	83c1                	srli	a5,a5,0x10
     5a0:	f1e7f793          	andi	a5,a5,-226
     5a4:	07c2                	slli	a5,a5,0x10
     5a6:	83c1                	srli	a5,a5,0x10
     5a8:	a45e                	sh	a5,12(s0)
     5aa:	245e                	lhu	a5,12(s0)
     5ac:	80c1                	srli	s1,s1,0x10
     5ae:	0a07e793          	ori	a5,a5,160
     5b2:	a45e                	sh	a5,12(s0)
     5b4:	247e                	lhu	a5,14(s0)
     5b6:	07c2                	slli	a5,a5,0x10
     5b8:	83c1                	srli	a5,a5,0x10
     5ba:	f1e7f793          	andi	a5,a5,-226
     5be:	07c2                	slli	a5,a5,0x10
     5c0:	83c1                	srli	a5,a5,0x10
     5c2:	a47e                	sh	a5,14(s0)
     5c4:	247e                	lhu	a5,14(s0)
     5c6:	0407e793          	ori	a5,a5,64
     5ca:	a47e                	sh	a5,14(s0)
     5cc:	246010ef          	jal	ra,1812 <Delay_Us>
     5d0:	246a                	lhu	a0,14(s0)
     5d2:	247e                	lhu	a5,14(s0)
     5d4:	0542                	slli	a0,a0,0x10
     5d6:	07c2                	slli	a5,a5,0x10
     5d8:	83c1                	srli	a5,a5,0x10
     5da:	f1e7f793          	andi	a5,a5,-226
     5de:	07c2                	slli	a5,a5,0x10
     5e0:	83c1                	srli	a5,a5,0x10
     5e2:	a47e                	sh	a5,14(s0)
     5e4:	247e                	lhu	a5,14(s0)
     5e6:	8141                	srli	a0,a0,0x10
     5e8:	0a07e793          	ori	a5,a5,160
     5ec:	a47e                	sh	a5,14(s0)
     5ee:	245e                	lhu	a5,12(s0)
     5f0:	8b89                	andi	a5,a5,2
     5f2:	cb99                	beqz	a5,608 <PD_Detect+0xa6>
     5f4:	8885                	andi	s1,s1,1
     5f6:	00157793          	andi	a5,a0,1
     5fa:	c489                	beqz	s1,604 <PD_Detect+0xa2>
     5fc:	fff54513          	not	a0,a0
     600:	8905                	andi	a0,a0,1
     602:	a021                	j	60a <PD_Detect+0xa8>
     604:	4509                	li	a0,2
     606:	e391                	bnez	a5,60a <PD_Detect+0xa8>
     608:	4501                	li	a0,0
     60a:	b6a9                	j	154 <__riscv_restore_0>

0000060c <PD_Det_Proc>:
     60c:	b25ff2ef          	jal	t0,130 <__riscv_save_0>
     610:	88418793          	addi	a5,gp,-1916 # 20000134 <PD_Ctl>
     614:	2f9e                	lhu	a5,24(a5)
     616:	8b89                	andi	a5,a5,2
     618:	ef99                	bnez	a5,636 <PD_Det_Proc+0x2a>
     61a:	37a1                	jal	562 <PD_Detect>
     61c:	88418413          	addi	s0,gp,-1916 # 20000134 <PD_Ctl>
     620:	84aa                	mv	s1,a0
     622:	c909                	beqz	a0,634 <PD_Det_Proc+0x28>
     624:	243c                	lbu	a5,10(s0)
     626:	4711                	li	a4,4
     628:	0785                	addi	a5,a5,1
     62a:	0ff7f793          	andi	a5,a5,255
     62e:	00f76563          	bltu	a4,a5,638 <PD_Det_Proc+0x2c>
     632:	84be                	mv	s1,a5
     634:	a424                	sb	s1,10(s0)
     636:	be39                	j	154 <__riscv_restore_0>
     638:	2c1e                	lhu	a5,24(s0)
     63a:	00040523          	sb	zero,10(s0) # 4002700a <_eusrstack+0x2002200a>
     63e:	0027e793          	ori	a5,a5,2
     642:	ac1e                	sh	a5,24(s0)
     644:	8b91                	andi	a5,a5,4
     646:	fbe5                	bnez	a5,636 <PD_Det_Proc+0x2a>
     648:	40027737          	lui	a4,0x40027
     64c:	275e                	lhu	a5,12(a4)
     64e:	8b89                	andi	a5,a5,2
     650:	e781                	bnez	a5,658 <PD_Det_Proc+0x4c>
     652:	277e                	lhu	a5,14(a4)
     654:	8b89                	andi	a5,a5,2
     656:	cf8d                	beqz	a5,690 <PD_Det_Proc+0x84>
     658:	4785                	li	a5,1
     65a:	40027737          	lui	a4,0x40027
     65e:	02f49c63          	bne	s1,a5,696 <PD_Det_Proc+0x8a>
     662:	231e                	lhu	a5,0(a4)
     664:	4505                	li	a0,1
     666:	4581                	li	a1,0
     668:	07c2                	slli	a5,a5,0x10
     66a:	83c1                	srli	a5,a5,0x10
     66c:	9bed                	andi	a5,a5,-5
     66e:	07c2                	slli	a5,a5,0x10
     670:	83c1                	srli	a5,a5,0x10
     672:	a31e                	sh	a5,0(a4)
     674:	380010ef          	jal	ra,19f4 <LED_TURN>
     678:	4501                	li	a0,0
     67a:	308010ef          	jal	ra,1982 <MUX_CONF>
     67e:	00003537          	lui	a0,0x3
     682:	4789                	li	a5,2
     684:	85a6                	mv	a1,s1
     686:	e5050513          	addi	a0,a0,-432 # 2e50 <_read+0xf8>
     68a:	c01c                	sw	a5,0(s0)
     68c:	520010ef          	jal	ra,1bac <iprintf>
     690:	00041723          	sh	zero,14(s0)
     694:	b74d                	j	636 <PD_Det_Proc+0x2a>
     696:	231e                	lhu	a5,0(a4)
     698:	4501                	li	a0,0
     69a:	4585                	li	a1,1
     69c:	0047e793          	ori	a5,a5,4
     6a0:	a31e                	sh	a5,0(a4)
     6a2:	352010ef          	jal	ra,19f4 <LED_TURN>
     6a6:	4505                	li	a0,1
     6a8:	bfc9                	j	67a <PD_Det_Proc+0x6e>

000006aa <PD_Phy_SendPack>:
     6aa:	400277b7          	lui	a5,0x40027
     6ae:	239a                	lhu	a4,0(a5)
     6b0:	8b11                	andi	a4,a4,4
     6b2:	cf51                	beqz	a4,74e <PD_Phy_SendPack+0xa4>
     6b4:	27fa                	lhu	a4,14(a5)
     6b6:	01076713          	ori	a4,a4,16
     6ba:	a7fa                	sh	a4,14(a5)
     6bc:	400277b7          	lui	a5,0x40027
     6c0:	04f00713          	li	a4,79
     6c4:	05c2                	slli	a1,a1,0x10
     6c6:	a3ba                	sh	a4,2(a5)
     6c8:	81c1                	srli	a1,a1,0x10
     6ca:	ab8e                	sh	a1,16(a5)
     6cc:	0642                	slli	a2,a2,0x10
     6ce:	b3d4                	sb	a3,5(a5)
     6d0:	8241                	srli	a2,a2,0x10
     6d2:	a3f2                	sh	a2,6(a5)
     6d4:	23d8                	lbu	a4,4(a5)
     6d6:	00176713          	ori	a4,a4,1
     6da:	a3d8                	sb	a4,4(a5)
     6dc:	3798                	lbu	a4,9(a5)
     6de:	000784a3          	sb	zero,9(a5) # 40027009 <_eusrstack+0x20022009>
     6e2:	23d8                	lbu	a4,4(a5)
     6e4:	00276713          	ori	a4,a4,2
     6e8:	a3d8                	sb	a4,4(a5)
     6ea:	c12d                	beqz	a0,74c <PD_Phy_SendPack+0xa2>
     6ec:	3798                	lbu	a4,9(a5)
     6ee:	0762                	slli	a4,a4,0x18
     6f0:	8761                	srai	a4,a4,0x18
     6f2:	fe075de3          	bgez	a4,6ec <PD_Phy_SendPack+0x42>
     6f6:	3798                	lbu	a4,9(a5)
     6f8:	08076713          	ori	a4,a4,128
     6fc:	b798                	sb	a4,9(a5)
     6fe:	239a                	lhu	a4,0(a5)
     700:	8b11                	andi	a4,a4,4
     702:	cb39                	beqz	a4,758 <PD_Phy_SendPack+0xae>
     704:	27fa                	lhu	a4,14(a5)
     706:	0742                	slli	a4,a4,0x10
     708:	8341                	srli	a4,a4,0x10
     70a:	9b3d                	andi	a4,a4,-17
     70c:	0742                	slli	a4,a4,0x10
     70e:	8341                	srli	a4,a4,0x10
     710:	a7fa                	sh	a4,14(a5)
     712:	400277b7          	lui	a5,0x40027
     716:	239a                	lhu	a4,0(a5)
     718:	00276713          	ori	a4,a4,2
     71c:	a39a                	sh	a4,0(a5)
     71e:	239a                	lhu	a4,0(a5)
     720:	0742                	slli	a4,a4,0x10
     722:	8341                	srli	a4,a4,0x10
     724:	9b75                	andi	a4,a4,-3
     726:	0742                	slli	a4,a4,0x10
     728:	8341                	srli	a4,a4,0x10
     72a:	a39a                	sh	a4,0(a5)
     72c:	23d8                	lbu	a4,4(a5)
     72e:	0fe77713          	andi	a4,a4,254
     732:	a3d8                	sb	a4,4(a5)
     734:	8a418713          	addi	a4,gp,-1884 # 20000154 <PD_Rx_Buf>
     738:	0742                	slli	a4,a4,0x10
     73a:	8341                	srli	a4,a4,0x10
     73c:	ab9a                	sh	a4,16(a5)
     73e:	07700713          	li	a4,119
     742:	a3ba                	sh	a4,2(a5)
     744:	23d8                	lbu	a4,4(a5)
     746:	00276713          	ori	a4,a4,2
     74a:	a3d8                	sb	a4,4(a5)
     74c:	8082                	ret
     74e:	27da                	lhu	a4,12(a5)
     750:	01076713          	ori	a4,a4,16
     754:	a7da                	sh	a4,12(a5)
     756:	b79d                	j	6bc <PD_Phy_SendPack+0x12>
     758:	27da                	lhu	a4,12(a5)
     75a:	0742                	slli	a4,a4,0x10
     75c:	8341                	srli	a4,a4,0x10
     75e:	9b3d                	andi	a4,a4,-17
     760:	0742                	slli	a4,a4,0x10
     762:	8341                	srli	a4,a4,0x10
     764:	a7da                	sh	a4,12(a5)
     766:	b775                	j	712 <PD_Phy_SendPack+0x68>

00000768 <PD_Send_Handle.part.3>:
     768:	9a1ff2ef          	jal	t0,108 <__riscv_save_10>
     76c:	8c818713          	addi	a4,gp,-1848 # 20000178 <PD_Tx_Buf>
     770:	3314                	lbu	a3,1(a4)
     772:	0025d793          	srli	a5,a1,0x2
     776:	0792                	slli	a5,a5,0x4
     778:	8fd5                	or	a5,a5,a3
     77a:	b31c                	sb	a5,1(a4)
     77c:	4781                	li	a5,0
     77e:	0ff7f693          	andi	a3,a5,255
     782:	0705                	addi	a4,a4,1
     784:	06d59e63          	bne	a1,a3,800 <__stack_size>
     788:	0589                	addi	a1,a1,2
     78a:	4911                	li	s2,4
     78c:	0ff5f493          	andi	s1,a1,255
     790:	40027a37          	lui	s4,0x40027
     794:	4a99                	li	s5,6
     796:	197d                	addi	s2,s2,-1
     798:	0ff97913          	andi	s2,s2,255
     79c:	04090e63          	beqz	s2,7f8 <PD_Send_Handle.part.3+0x90>
     7a0:	e000e7b7          	lui	a5,0xe000e
     7a4:	00020737          	lui	a4,0x20
     7a8:	18e7a223          	sw	a4,388(a5) # e000e184 <_eusrstack+0xc0009184>
     7ac:	4681                	li	a3,0
     7ae:	8626                	mv	a2,s1
     7b0:	8c818593          	addi	a1,gp,-1848 # 20000178 <PD_Tx_Buf>
     7b4:	4505                	li	a0,1
     7b6:	3dd5                	jal	6aa <PD_Phy_SendPack>
     7b8:	0fa00413          	li	s0,250
     7bc:	4b85                	li	s7,1
     7be:	147d                	addi	s0,s0,-1
     7c0:	0ff47413          	andi	s0,s0,255
     7c4:	d869                	beqz	s0,796 <PD_Send_Handle.part.3+0x2e>
     7c6:	009a4783          	lbu	a5,9(s4) # 40027009 <_eusrstack+0x20022009>
     7ca:	0207f793          	andi	a5,a5,32
     7ce:	cf9d                	beqz	a5,80c <__stack_size+0xc>
     7d0:	009a4783          	lbu	a5,9(s4)
     7d4:	0207e793          	ori	a5,a5,32
     7d8:	00fa04a3          	sb	a5,9(s4)
     7dc:	00aa5783          	lhu	a5,10(s4)
     7e0:	02fa9663          	bne	s5,a5,80c <__stack_size+0xc>
     7e4:	8a41c783          	lbu	a5,-1884(gp) # 20000154 <PD_Rx_Buf>
     7e8:	8bfd                	andi	a5,a5,31
     7ea:	03779163          	bne	a5,s7,80c <__stack_size+0xc>
     7ee:	88418793          	addi	a5,gp,-1916 # 20000134 <PD_Ctl>
     7f2:	2798                	lbu	a4,8(a5)
     7f4:	0709                	addi	a4,a4,2
     7f6:	a798                	sb	a4,8(a5)
     7f8:	31ad                	jal	462 <PD_Rx_Mode>
     7fa:	00193513          	seqz	a0,s2
     7fe:	b289                	j	140 <__riscv_restore_10>
     800:	00f506b3          	add	a3,a0,a5
     804:	2294                	lbu	a3,0(a3)
     806:	0785                	addi	a5,a5,1
     808:	b314                	sb	a3,1(a4)
     80a:	bf95                	j	77e <PD_Send_Handle.part.3+0x16>
     80c:	450d                	li	a0,3
     80e:	004010ef          	jal	ra,1812 <Delay_Us>
     812:	b775                	j	7be <PD_Send_Handle.part.3+0x56>

00000814 <PD_Load_Header>:
     814:	88418693          	addi	a3,gp,-1916 # 20000134 <PD_Ctl>
     818:	2e96                	lhu	a3,24(a3)
     81a:	8cb18423          	sb	a1,-1848(gp) # 20000178 <PD_Tx_Buf>
     81e:	0086f613          	andi	a2,a3,8
     822:	88418713          	addi	a4,gp,-1916 # 20000134 <PD_Ctl>
     826:	c609                	beqz	a2,830 <PD_Load_Header+0x1c>
     828:	0205e593          	ori	a1,a1,32
     82c:	8cb18423          	sb	a1,-1848(gp) # 20000178 <PD_Tx_Buf>
     830:	8c81c803          	lbu	a6,-1848(gp) # 20000178 <PD_Tx_Buf>
     834:	0406f613          	andi	a2,a3,64
     838:	04086593          	ori	a1,a6,64
     83c:	c219                	beqz	a2,842 <PD_Load_Header+0x2e>
     83e:	08086593          	ori	a1,a6,128
     842:	2718                	lbu	a4,8(a4)
     844:	8cb18423          	sb	a1,-1848(gp) # 20000178 <PD_Tx_Buf>
     848:	8ac1                	andi	a3,a3,16
     84a:	8b39                	andi	a4,a4,14
     84c:	8c818793          	addi	a5,gp,-1848 # 20000178 <PD_Tx_Buf>
     850:	ea81                	bnez	a3,860 <PD_Load_Header+0x4c>
     852:	b398                	sb	a4,1(a5)
     854:	c509                	beqz	a0,85e <PD_Load_Header+0x4a>
     856:	3398                	lbu	a4,1(a5)
     858:	f8076713          	ori	a4,a4,-128
     85c:	b398                	sb	a4,1(a5)
     85e:	8082                	ret
     860:	00176713          	ori	a4,a4,1
     864:	b7fd                	j	852 <PD_Load_Header+0x3e>

00000866 <PD_Send_Handle>:
     866:	0035f793          	andi	a5,a1,3
     86a:	eb91                	bnez	a5,87e <PD_Send_Handle+0x18>
     86c:	46f1                	li	a3,28
     86e:	4785                	li	a5,1
     870:	00b6e863          	bltu	a3,a1,880 <PD_Send_Handle+0x1a>
     874:	8bdff2ef          	jal	t0,130 <__riscv_save_0>
     878:	3dc5                	jal	768 <PD_Send_Handle.part.3>
     87a:	8dbff06f          	j	154 <__riscv_restore_0>
     87e:	4785                	li	a5,1
     880:	853e                	mv	a0,a5
     882:	8082                	ret

00000884 <PD_Send_TXBUF>:
     884:	885ff2ef          	jal	t0,108 <__riscv_save_10>
     888:	0509                	addi	a0,a0,2
     88a:	4411                	li	s0,4
     88c:	e000ea37          	lui	s4,0xe000e
     890:	0ff57993          	andi	s3,a0,255
     894:	40027937          	lui	s2,0x40027
     898:	147d                	addi	s0,s0,-1
     89a:	0ff47413          	andi	s0,s0,255
     89e:	cc21                	beqz	s0,8f6 <PD_Send_TXBUF+0x72>
     8a0:	000207b7          	lui	a5,0x20
     8a4:	18fa2223          	sw	a5,388(s4) # e000e184 <_eusrstack+0xc0009184>
     8a8:	4681                	li	a3,0
     8aa:	864e                	mv	a2,s3
     8ac:	8c818593          	addi	a1,gp,-1848 # 20000178 <PD_Tx_Buf>
     8b0:	4505                	li	a0,1
     8b2:	3be5                	jal	6aa <PD_Phy_SendPack>
     8b4:	0fa00493          	li	s1,250
     8b8:	4b99                	li	s7,6
     8ba:	4c05                	li	s8,1
     8bc:	14fd                	addi	s1,s1,-1
     8be:	0ff4f493          	andi	s1,s1,255
     8c2:	d8f9                	beqz	s1,898 <PD_Send_TXBUF+0x14>
     8c4:	00994783          	lbu	a5,9(s2) # 40027009 <_eusrstack+0x20022009>
     8c8:	0207f793          	andi	a5,a5,32
     8cc:	cb85                	beqz	a5,8fc <PD_Send_TXBUF+0x78>
     8ce:	00994783          	lbu	a5,9(s2)
     8d2:	0207e793          	ori	a5,a5,32
     8d6:	00f904a3          	sb	a5,9(s2)
     8da:	00a95783          	lhu	a5,10(s2)
     8de:	00fb9f63          	bne	s7,a5,8fc <PD_Send_TXBUF+0x78>
     8e2:	8a41c783          	lbu	a5,-1884(gp) # 20000154 <PD_Rx_Buf>
     8e6:	8bfd                	andi	a5,a5,31
     8e8:	01879a63          	bne	a5,s8,8fc <PD_Send_TXBUF+0x78>
     8ec:	88418793          	addi	a5,gp,-1916 # 20000134 <PD_Ctl>
     8f0:	2798                	lbu	a4,8(a5)
     8f2:	0709                	addi	a4,a4,2
     8f4:	a798                	sb	a4,8(a5)
     8f6:	36b5                	jal	462 <PD_Rx_Mode>
     8f8:	849ff06f          	j	140 <__riscv_restore_10>
     8fc:	450d                	li	a0,3
     8fe:	715000ef          	jal	ra,1812 <Delay_Us>
     902:	bf6d                	j	8bc <PD_Send_TXBUF+0x38>

00000904 <PD_PDO_Analyse>:
     904:	157d                	addi	a0,a0,-1
     906:	050a                	slli	a0,a0,0x2
     908:	95aa                	add	a1,a1,a0
     90a:	319c                	lbu	a5,1(a1)
     90c:	21b8                	lbu	a4,2(a1)
     90e:	07a2                	slli	a5,a5,0x8
     910:	0742                	slli	a4,a4,0x10
     912:	97ba                	add	a5,a5,a4
     914:	2198                	lbu	a4,0(a1)
     916:	97ba                	add	a5,a5,a4
     918:	c619                	beqz	a2,926 <PD_PDO_Analyse+0x22>
     91a:	3ff7f713          	andi	a4,a5,1023
     91e:	45a9                	li	a1,10
     920:	02b70733          	mul	a4,a4,a1
     924:	a21a                	sh	a4,0(a2)
     926:	ca89                	beqz	a3,938 <PD_PDO_Analyse+0x34>
     928:	83a9                	srli	a5,a5,0xa
     92a:	3ff7f793          	andi	a5,a5,1023
     92e:	03200713          	li	a4,50
     932:	02e787b3          	mul	a5,a5,a4
     936:	a29e                	sh	a5,0(a3)
     938:	8082                	ret

0000093a <PDO_Request>:
     93a:	ff6ff2ef          	jal	t0,130 <__riscv_save_0>
     93e:	84c1c783          	lbu	a5,-1972(gp) # 200000fc <PDO_Len>
     942:	1141                	addi	sp,sp,-16
     944:	00a7e463          	bltu	a5,a0,94c <PDO_Request+0x12>
     948:	842a                	mv	s0,a0
     94a:	ed01                	bnez	a0,962 <PDO_Request+0x28>
     94c:	00003437          	lui	s0,0x3
     950:	e1040513          	addi	a0,s0,-496 # 2e10 <_read+0xb8>
     954:	36c010ef          	jal	ra,1cc0 <puts>
     958:	1f400513          	li	a0,500
     95c:	6ed000ef          	jal	ra,1848 <Delay_Ms>
     960:	bfc5                	j	950 <PDO_Request+0x16>
     962:	00251793          	slli	a5,a0,0x2
     966:	17f5                	addi	a5,a5,-3
     968:	86418593          	addi	a1,gp,-1948 # 20000114 <Adapter_SrcCap>
     96c:	95be                	add	a1,a1,a5
     96e:	4611                	li	a2,4
     970:	8a618513          	addi	a0,gp,-1882 # 20000156 <PD_Rx_Buf+0x2>
     974:	186010ef          	jal	ra,1afa <memcpy>
     978:	00e10693          	addi	a3,sp,14
     97c:	0070                	addi	a2,sp,12
     97e:	8a618593          	addi	a1,gp,-1882 # 20000156 <PD_Rx_Buf+0x2>
     982:	4505                	li	a0,1
     984:	3741                	jal	904 <PD_PDO_Analyse>
     986:	8730                	lhu	a2,14(sp)
     988:	862c                	lhu	a1,12(sp)
     98a:	00003537          	lui	a0,0x3
     98e:	e2450513          	addi	a0,a0,-476 # 2e24 <_read+0xcc>
     992:	21a010ef          	jal	ra,1bac <iprintf>
     996:	4589                	li	a1,2
     998:	4501                	li	a0,0
     99a:	3dad                	jal	814 <PD_Load_Header>
     99c:	8a418713          	addi	a4,gp,-1884 # 20000154 <PD_Rx_Buf>
     9a0:	2334                	lbu	a3,2(a4)
     9a2:	333c                	lbu	a5,3(a4)
     9a4:	0412                	slli	s0,s0,0x4
     9a6:	00269613          	slli	a2,a3,0x2
     9aa:	8b8d                	andi	a5,a5,3
     9ac:	8fd1                	or	a5,a5,a2
     9ae:	0ff7f793          	andi	a5,a5,255
     9b2:	b33c                	sb	a5,3(a4)
     9b4:	078a                	slli	a5,a5,0x2
     9b6:	8299                	srli	a3,a3,0x6
     9b8:	8bb1                	andi	a5,a5,12
     9ba:	8fd5                	or	a5,a5,a3
     9bc:	00346413          	ori	s0,s0,3
     9c0:	4591                	li	a1,4
     9c2:	8a618513          	addi	a0,gp,-1882 # 20000156 <PD_Rx_Buf+0x2>
     9c6:	b340                	sb	s0,5(a4)
     9c8:	a35c                	sb	a5,4(a4)
     9ca:	3b79                	jal	768 <PD_Send_Handle.part.3>
     9cc:	4719                	li	a4,6
     9ce:	c111                	beqz	a0,9d2 <PDO_Request+0x98>
     9d0:	477d                	li	a4,31
     9d2:	88418793          	addi	a5,gp,-1916 # 20000134 <PD_Ctl>
     9d6:	c398                	sw	a4,0(a5)
     9d8:	2f9a                	lhu	a4,24(a5)
     9da:	6685                	lui	a3,0x1
     9dc:	00079723          	sh	zero,14(a5) # 2000e <_data_lma+0x1ce42>
     9e0:	8f55                	or	a4,a4,a3
     9e2:	af9a                	sh	a4,24(a5)
     9e4:	0141                	addi	sp,sp,16
     9e6:	f6eff06f          	j	154 <__riscv_restore_0>

000009ea <PD_Save_Adapter_SrcCap>:
     9ea:	f46ff2ef          	jal	t0,130 <__riscv_save_0>
     9ee:	8a418713          	addi	a4,gp,-1884 # 20000154 <PD_Rx_Buf>
     9f2:	3318                	lbu	a4,1(a4)
     9f4:	8a418893          	addi	a7,gp,-1884 # 20000154 <PD_Rx_Buf>
     9f8:	4681                	li	a3,0
     9fa:	00475813          	srli	a6,a4,0x4
     9fe:	00787813          	andi	a6,a6,7
     a02:	8a418793          	addi	a5,gp,-1884 # 20000154 <PD_Rx_Buf>
     a06:	0c000e13          	li	t3,192
     a0a:	0ff6f593          	andi	a1,a3,255
     a0e:	8536                	mv	a0,a3
     a10:	00269613          	slli	a2,a3,0x2
     a14:	0105fa63          	bgeu	a1,a6,a28 <PD_Save_Adapter_SrcCap+0x3e>
     a18:	0058c303          	lbu	t1,5(a7)
     a1c:	0685                	addi	a3,a3,1
     a1e:	0891                	addi	a7,a7,4
     a20:	0c037313          	andi	t1,t1,192
     a24:	ffc313e3          	bne	t1,t3,a0a <PD_Save_Adapter_SrcCap+0x20>
     a28:	84b18623          	sb	a1,-1972(gp) # 200000fc <PDO_Len>
     a2c:	03e00693          	li	a3,62
     a30:	b3d4                	sb	a3,5(a5)
     a32:	00451693          	slli	a3,a0,0x4
     a36:	86418513          	addi	a0,gp,-1948 # 20000114 <Adapter_SrcCap>
     a3a:	a10c                	sb	a1,0(a0)
     a3c:	f8f77713          	andi	a4,a4,-113
     a40:	8f55                	or	a4,a4,a3
     a42:	8a618593          	addi	a1,gp,-1882 # 20000156 <PD_Rx_Buf+0x2>
     a46:	0505                	addi	a0,a0,1
     a48:	b398                	sb	a4,1(a5)
     a4a:	0b0010ef          	jal	ra,1afa <memcpy>
     a4e:	f06ff06f          	j	154 <__riscv_restore_0>

00000a52 <PD_PHY_TX_DPAttention_Table>:
     a52:	edeff2ef          	jal	t0,130 <__riscv_save_0>
     a56:	88418793          	addi	a5,gp,-1916 # 20000134 <PD_Ctl>
     a5a:	2794                	lbu	a3,8(a5)
     a5c:	479d                	li	a5,7
     a5e:	88418713          	addi	a4,gp,-1916 # 20000134 <PD_Ctl>
     a62:	00d7f463          	bgeu	a5,a3,a6a <PD_PHY_TX_DPAttention_Table+0x18>
     a66:	00070423          	sb	zero,8(a4) # 20008 <_data_lma+0x1ce3c>
     a6a:	8a51c783          	lbu	a5,-1883(gp) # 20000155 <PD_Rx_Buf+0x1>
     a6e:	2718                	lbu	a4,8(a4)
     a70:	8b85                	andi	a5,a5,1
     a72:	0017b793          	seqz	a5,a5
     a76:	0706                	slli	a4,a4,0x1
     a78:	02078793          	addi	a5,a5,32
     a7c:	8fd9                	or	a5,a5,a4
     a7e:	8c818513          	addi	a0,gp,-1848 # 20000178 <PD_Tx_Buf>
     a82:	b11c                	sb	a5,1(a0)
     a84:	8521c783          	lbu	a5,-1966(gp) # 20000102 <Recv2>
     a88:	4621                	li	a2,8
     a8a:	079a                	slli	a5,a5,0x6
     a8c:	00f7e793          	ori	a5,a5,15
     a90:	a11c                	sb	a5,0(a0)
     a92:	81418593          	addi	a1,gp,-2028 # 200000c4 <DPAttention_Table>
     a96:	0509                	addi	a0,a0,2
     a98:	062010ef          	jal	ra,1afa <memcpy>
     a9c:	4529                	li	a0,10
     a9e:	33dd                	jal	884 <PD_Send_TXBUF>
     aa0:	eb4ff06f          	j	154 <__riscv_restore_0>

00000aa4 <PD_PHY_TX_DPAttention_Table_1>:
     aa4:	e8cff2ef          	jal	t0,130 <__riscv_save_0>
     aa8:	88418793          	addi	a5,gp,-1916 # 20000134 <PD_Ctl>
     aac:	2794                	lbu	a3,8(a5)
     aae:	479d                	li	a5,7
     ab0:	88418713          	addi	a4,gp,-1916 # 20000134 <PD_Ctl>
     ab4:	00d7f463          	bgeu	a5,a3,abc <PD_PHY_TX_DPAttention_Table_1+0x18>
     ab8:	00070423          	sb	zero,8(a4)
     abc:	8a51c783          	lbu	a5,-1883(gp) # 20000155 <PD_Rx_Buf+0x1>
     ac0:	2718                	lbu	a4,8(a4)
     ac2:	8b85                	andi	a5,a5,1
     ac4:	0017b793          	seqz	a5,a5
     ac8:	0706                	slli	a4,a4,0x1
     aca:	02078793          	addi	a5,a5,32
     ace:	8fd9                	or	a5,a5,a4
     ad0:	8c818513          	addi	a0,gp,-1848 # 20000178 <PD_Tx_Buf>
     ad4:	b11c                	sb	a5,1(a0)
     ad6:	8521c783          	lbu	a5,-1966(gp) # 20000102 <Recv2>
     ada:	4621                	li	a2,8
     adc:	079a                	slli	a5,a5,0x6
     ade:	00f7e793          	ori	a5,a5,15
     ae2:	a11c                	sb	a5,0(a0)
     ae4:	81c18593          	addi	a1,gp,-2020 # 200000cc <DPAttention_Table_1>
     ae8:	0509                	addi	a0,a0,2
     aea:	010010ef          	jal	ra,1afa <memcpy>
     aee:	4529                	li	a0,10
     af0:	3b51                	jal	884 <PD_Send_TXBUF>
     af2:	e62ff06f          	j	154 <__riscv_restore_0>

00000af6 <vdm_process>:
     af6:	e3aff2ef          	jal	t0,130 <__riscv_save_0>
     afa:	8a418713          	addi	a4,gp,-1884 # 20000154 <PD_Rx_Buf>
     afe:	233c                	lbu	a5,2(a4)
     b00:	2318                	lbu	a4,0(a4)
     b02:	8bfd                	andi	a5,a5,31
     b04:	fc077713          	andi	a4,a4,-64
     b08:	17fd                	addi	a5,a5,-1
     b0a:	84e18923          	sb	a4,-1966(gp) # 20000102 <Recv2>
     b0e:	0ff7f793          	andi	a5,a5,255
     b12:	4741                	li	a4,16
     b14:	14f76d63          	bltu	a4,a5,c6e <vdm_process+0x178>
     b18:	670d                	lui	a4,0x3
     b1a:	078a                	slli	a5,a5,0x2
     b1c:	e6470713          	addi	a4,a4,-412 # 2e64 <_read+0x10c>
     b20:	97ba                	add	a5,a5,a4
     b22:	439c                	lw	a5,0(a5)
     b24:	8a418413          	addi	s0,gp,-1884 # 20000154 <PD_Rx_Buf>
     b28:	8782                	jr	a5
     b2a:	00003537          	lui	a0,0x3
     b2e:	07050513          	addi	a0,a0,112 # 3070 <_read+0x318>
     b32:	18e010ef          	jal	ra,1cc0 <puts>
     b36:	303c                	lbu	a5,3(s0)
     b38:	8c818513          	addi	a0,gp,-1848 # 20000178 <PD_Tx_Buf>
     b3c:	b13c                	sb	a5,3(a0)
     b3e:	205e                	lhu	a5,4(s0)
     b40:	88c1c703          	lbu	a4,-1908(gp) # 2000013c <PD_Ctl+0x8>
     b44:	a15e                	sh	a5,4(a0)
     b46:	203c                	lbu	a5,2(s0)
     b48:	0706                	slli	a4,a4,0x1
     b4a:	200005b7          	lui	a1,0x20000
     b4e:	0407e793          	ori	a5,a5,64
     b52:	a13c                	sb	a5,2(a0)
     b54:	301c                	lbu	a5,1(s0)
     b56:	4641                	li	a2,16
     b58:	01058593          	addi	a1,a1,16 # 20000010 <ACK_Disc_Ident>
     b5c:	8b85                	andi	a5,a5,1
     b5e:	0017b793          	seqz	a5,a5
     b62:	05078793          	addi	a5,a5,80
     b66:	8fd9                	or	a5,a5,a4
     b68:	b11c                	sb	a5,1(a0)
     b6a:	201c                	lbu	a5,0(s0)
     b6c:	0519                	addi	a0,a0,6
     b6e:	fc07f793          	andi	a5,a5,-64
     b72:	00f7e793          	ori	a5,a5,15
     b76:	fef50d23          	sb	a5,-6(a0)
     b7a:	781000ef          	jal	ra,1afa <memcpy>
     b7e:	4559                	li	a0,22
     b80:	3311                	jal	884 <PD_Send_TXBUF>
     b82:	a0f5                	j	c6e <vdm_process+0x178>
     b84:	00003537          	lui	a0,0x3
     b88:	09050513          	addi	a0,a0,144 # 3090 <_read+0x338>
     b8c:	134010ef          	jal	ra,1cc0 <puts>
     b90:	3038                	lbu	a4,3(s0)
     b92:	8c818793          	addi	a5,gp,-1848 # 20000178 <PD_Tx_Buf>
     b96:	b3b8                	sb	a4,3(a5)
     b98:	205a                	lhu	a4,4(s0)
     b9a:	88c1c683          	lbu	a3,-1908(gp) # 2000013c <PD_Ctl+0x8>
     b9e:	a3da                	sh	a4,4(a5)
     ba0:	2038                	lbu	a4,2(s0)
     ba2:	0686                	slli	a3,a3,0x1
     ba4:	04076713          	ori	a4,a4,64
     ba8:	a3b8                	sb	a4,2(a5)
     baa:	3018                	lbu	a4,1(s0)
     bac:	8b05                	andi	a4,a4,1
     bae:	00173713          	seqz	a4,a4
     bb2:	02070713          	addi	a4,a4,32
     bb6:	8f55                	or	a4,a4,a3
     bb8:	b398                	sb	a4,1(a5)
     bba:	2018                	lbu	a4,0(s0)
     bbc:	fc077713          	andi	a4,a4,-64
     bc0:	00f76713          	ori	a4,a4,15
     bc4:	a398                	sb	a4,0(a5)
     bc6:	81018713          	addi	a4,gp,-2032 # 200000c0 <ACK_Disc_SVID>
     bca:	2316                	lhu	a3,0(a4)
     bcc:	4529                	li	a0,10
     bce:	a3f6                	sh	a3,6(a5)
     bd0:	233a                	lhu	a4,2(a4)
     bd2:	a79a                	sh	a4,8(a5)
     bd4:	b775                	j	b80 <vdm_process+0x8a>
     bd6:	00003537          	lui	a0,0x3
     bda:	0ac50513          	addi	a0,a0,172 # 30ac <_read+0x354>
     bde:	0e2010ef          	jal	ra,1cc0 <puts>
     be2:	3038                	lbu	a4,3(s0)
     be4:	8c818793          	addi	a5,gp,-1848 # 20000178 <PD_Tx_Buf>
     be8:	b3b8                	sb	a4,3(a5)
     bea:	205a                	lhu	a4,4(s0)
     bec:	88c1c683          	lbu	a3,-1908(gp) # 2000013c <PD_Ctl+0x8>
     bf0:	a3da                	sh	a4,4(a5)
     bf2:	2038                	lbu	a4,2(s0)
     bf4:	0686                	slli	a3,a3,0x1
     bf6:	04076713          	ori	a4,a4,64
     bfa:	a3b8                	sb	a4,2(a5)
     bfc:	3018                	lbu	a4,1(s0)
     bfe:	8b05                	andi	a4,a4,1
     c00:	00173713          	seqz	a4,a4
     c04:	02070713          	addi	a4,a4,32
     c08:	8f55                	or	a4,a4,a3
     c0a:	b398                	sb	a4,1(a5)
     c0c:	2018                	lbu	a4,0(s0)
     c0e:	fc077713          	andi	a4,a4,-64
     c12:	00f76713          	ori	a4,a4,15
     c16:	a398                	sb	a4,0(a5)
     c18:	80c18713          	addi	a4,gp,-2036 # 200000bc <ACK_Disc_Mode>
     c1c:	b77d                	j	bca <vdm_process+0xd4>
     c1e:	00003537          	lui	a0,0x3
     c22:	0c850513          	addi	a0,a0,200 # 30c8 <_read+0x370>
     c26:	09a010ef          	jal	ra,1cc0 <puts>
     c2a:	303c                	lbu	a5,3(s0)
     c2c:	8c818713          	addi	a4,gp,-1848 # 20000178 <PD_Tx_Buf>
     c30:	b33c                	sb	a5,3(a4)
     c32:	205e                	lhu	a5,4(s0)
     c34:	88c1c683          	lbu	a3,-1908(gp) # 2000013c <PD_Ctl+0x8>
     c38:	a35e                	sh	a5,4(a4)
     c3a:	203c                	lbu	a5,2(s0)
     c3c:	0686                	slli	a3,a3,0x1
     c3e:	0407e793          	ori	a5,a5,64
     c42:	a33c                	sb	a5,2(a4)
     c44:	301c                	lbu	a5,1(s0)
     c46:	8b85                	andi	a5,a5,1
     c48:	0017b793          	seqz	a5,a5
     c4c:	07c1                	addi	a5,a5,16
     c4e:	8fd5                	or	a5,a5,a3
     c50:	b31c                	sb	a5,1(a4)
     c52:	201c                	lbu	a5,0(s0)
     c54:	fc07f793          	andi	a5,a5,-64
     c58:	00f7e793          	ori	a5,a5,15
     c5c:	a31c                	sb	a5,0(a4)
     c5e:	4519                	li	a0,6
     c60:	b705                	j	b80 <vdm_process+0x8a>
     c62:	00003537          	lui	a0,0x3
     c66:	0e050513          	addi	a0,a0,224 # 30e0 <_read+0x388>
     c6a:	056010ef          	jal	ra,1cc0 <puts>
     c6e:	ce6ff06f          	j	154 <__riscv_restore_0>
     c72:	00003537          	lui	a0,0x3
     c76:	0ec50513          	addi	a0,a0,236 # 30ec <_read+0x394>
     c7a:	bfc5                	j	c6a <vdm_process+0x174>
     c7c:	00003537          	lui	a0,0x3
     c80:	0f850513          	addi	a0,a0,248 # 30f8 <_read+0x3a0>
     c84:	03c010ef          	jal	ra,1cc0 <puts>
     c88:	3038                	lbu	a4,3(s0)
     c8a:	8c818793          	addi	a5,gp,-1848 # 20000178 <PD_Tx_Buf>
     c8e:	b3b8                	sb	a4,3(a5)
     c90:	205a                	lhu	a4,4(s0)
     c92:	88c1c683          	lbu	a3,-1908(gp) # 2000013c <PD_Ctl+0x8>
     c96:	a3da                	sh	a4,4(a5)
     c98:	2038                	lbu	a4,2(s0)
     c9a:	0686                	slli	a3,a3,0x1
     c9c:	04076713          	ori	a4,a4,64
     ca0:	a3b8                	sb	a4,2(a5)
     ca2:	3018                	lbu	a4,1(s0)
     ca4:	8b05                	andi	a4,a4,1
     ca6:	00173713          	seqz	a4,a4
     caa:	02070713          	addi	a4,a4,32
     cae:	8f55                	or	a4,a4,a3
     cb0:	b398                	sb	a4,1(a5)
     cb2:	2018                	lbu	a4,0(s0)
     cb4:	fc077713          	andi	a4,a4,-64
     cb8:	00f76713          	ori	a4,a4,15
     cbc:	a398                	sb	a4,0(a5)
     cbe:	80818713          	addi	a4,gp,-2040 # 200000b8 <ACK_DP_Stat_Pos_1>
     cc2:	b721                	j	bca <vdm_process+0xd4>
     cc4:	00003537          	lui	a0,0x3
     cc8:	11450513          	addi	a0,a0,276 # 3114 <_read+0x3bc>
     ccc:	7f5000ef          	jal	ra,1cc0 <puts>
     cd0:	303c                	lbu	a5,3(s0)
     cd2:	8c818713          	addi	a4,gp,-1848 # 20000178 <PD_Tx_Buf>
     cd6:	b33c                	sb	a5,3(a4)
     cd8:	205e                	lhu	a5,4(s0)
     cda:	88418693          	addi	a3,gp,-1916 # 20000134 <PD_Ctl>
     cde:	a35e                	sh	a5,4(a4)
     ce0:	203c                	lbu	a5,2(s0)
     ce2:	2690                	lbu	a2,8(a3)
     ce4:	0407e793          	ori	a5,a5,64
     ce8:	a33c                	sb	a5,2(a4)
     cea:	301c                	lbu	a5,1(s0)
     cec:	0606                	slli	a2,a2,0x1
     cee:	8b85                	andi	a5,a5,1
     cf0:	0017b793          	seqz	a5,a5
     cf4:	07c1                	addi	a5,a5,16
     cf6:	8fd1                	or	a5,a5,a2
     cf8:	b31c                	sb	a5,1(a4)
     cfa:	201c                	lbu	a5,0(s0)
     cfc:	fc07f793          	andi	a5,a5,-64
     d00:	00f7e793          	ori	a5,a5,15
     d04:	a31c                	sb	a5,0(a4)
     d06:	2ebc                	lbu	a5,26(a3)
     d08:	0027e793          	ori	a5,a5,2
     d0c:	aebc                	sb	a5,26(a3)
     d0e:	bf81                	j	c5e <vdm_process+0x168>

00000d10 <PD_Message_Process>:
     d10:	c06ff2ef          	jal	t0,116 <__riscv_save_4>
     d14:	8a41c403          	lbu	s0,-1884(gp) # 20000154 <PD_Rx_Buf>
     d18:	4745                	li	a4,17
     d1a:	1141                	addi	sp,sp,-16
     d1c:	887d                	andi	s0,s0,31
     d1e:	fff40793          	addi	a5,s0,-1
     d22:	0ff7f793          	andi	a5,a5,255
     d26:	18f76163          	bltu	a4,a5,ea8 <PD_Message_Process+0x198>
     d2a:	670d                	lui	a4,0x3
     d2c:	078a                	slli	a5,a5,0x2
     d2e:	ea870713          	addi	a4,a4,-344 # 2ea8 <_read+0x150>
     d32:	97ba                	add	a5,a5,a4
     d34:	439c                	lw	a5,0(a5)
     d36:	8782                	jr	a5
     d38:	00003537          	lui	a0,0x3
     d3c:	f0050513          	addi	a0,a0,-256 # 2f00 <_read+0x1a8>
     d40:	8a418493          	addi	s1,gp,-1884 # 20000154 <PD_Rx_Buf>
     d44:	77d000ef          	jal	ra,1cc0 <puts>
     d48:	4515                	li	a0,5
     d4a:	2ff000ef          	jal	ra,1848 <Delay_Ms>
     d4e:	88418793          	addi	a5,gp,-1916 # 20000134 <PD_Ctl>
     d52:	2f9a                	lhu	a4,24(a5)
     d54:	0489                	addi	s1,s1,2
     d56:	9b6d                	andi	a4,a4,-5
     d58:	af9a                	sh	a4,24(a5)
     d5a:	3941                	jal	9ea <PD_Save_Adapter_SrcCap>
     d5c:	00003537          	lui	a0,0x3
     d60:	f1450513          	addi	a0,a0,-236 # 2f14 <_read+0x1bc>
     d64:	75d000ef          	jal	ra,1cc0 <puts>
     d68:	000039b7          	lui	s3,0x3
     d6c:	84c1c783          	lbu	a5,-1972(gp) # 200000fc <PDO_Len>
     d70:	0087f763          	bgeu	a5,s0,d7e <PD_Message_Process+0x6e>
     d74:	4505                	li	a0,1
     d76:	36d1                	jal	93a <PDO_Request>
     d78:	0141                	addi	sp,sp,16
     d7a:	bd0ff06f          	j	14a <__riscv_restore_4>
     d7e:	8522                	mv	a0,s0
     d80:	00e10693          	addi	a3,sp,14
     d84:	0070                	addi	a2,sp,12
     d86:	85a6                	mv	a1,s1
     d88:	3eb5                	jal	904 <PD_PDO_Analyse>
     d8a:	8730                	lhu	a2,14(sp)
     d8c:	85a2                	mv	a1,s0
     d8e:	f2898513          	addi	a0,s3,-216 # 2f28 <_read+0x1d0>
     d92:	0405                	addi	s0,s0,1
     d94:	619000ef          	jal	ra,1bac <iprintf>
     d98:	0ff47413          	andi	s0,s0,255
     d9c:	bfc1                	j	d6c <PD_Message_Process+0x5c>
     d9e:	00003537          	lui	a0,0x3
     da2:	f3850513          	addi	a0,a0,-200 # 2f38 <_read+0x1e0>
     da6:	71b000ef          	jal	ra,1cc0 <puts>
     daa:	4725                	li	a4,9
     dac:	88e1a223          	sw	a4,-1916(gp) # 20000134 <PD_Ctl>
     db0:	88418793          	addi	a5,gp,-1916 # 20000134 <PD_Ctl>
     db4:	00079723          	sh	zero,14(a5)
     db8:	b7c1                	j	d78 <PD_Message_Process+0x68>
     dba:	00003537          	lui	a0,0x3
     dbe:	f4c50513          	addi	a0,a0,-180 # 2f4c <_read+0x1f4>
     dc2:	6ff000ef          	jal	ra,1cc0 <puts>
     dc6:	88418713          	addi	a4,gp,-1916 # 20000134 <PD_Ctl>
     dca:	2f3c                	lbu	a5,26(a4)
     dcc:	00003537          	lui	a0,0x3
     dd0:	f6050513          	addi	a0,a0,-160 # 2f60 <_read+0x208>
     dd4:	0017e793          	ori	a5,a5,1
     dd8:	af3c                	sb	a5,26(a4)
     dda:	6e7000ef          	jal	ra,1cc0 <puts>
     dde:	47a9                	li	a5,10
     de0:	88f1a223          	sw	a5,-1916(gp) # 20000134 <PD_Ctl>
     de4:	bf51                	j	d78 <PD_Message_Process+0x68>
     de6:	00003537          	lui	a0,0x3
     dea:	f7050513          	addi	a0,a0,-144 # 2f70 <_read+0x218>
     dee:	6d3000ef          	jal	ra,1cc0 <puts>
     df2:	b759                	j	d78 <PD_Message_Process+0x68>
     df4:	00003537          	lui	a0,0x3
     df8:	f8450513          	addi	a0,a0,-124 # 2f84 <_read+0x22c>
     dfc:	6c5000ef          	jal	ra,1cc0 <puts>
     e00:	4505                	li	a0,1
     e02:	247000ef          	jal	ra,1848 <Delay_Ms>
     e06:	4591                	li	a1,4
     e08:	4501                	li	a0,0
     e0a:	a0bff0ef          	jal	ra,814 <PD_Load_Header>
     e0e:	4591                	li	a1,4
     e10:	82418513          	addi	a0,gp,-2012 # 200000d4 <SinkCap_5V1A_Tab>
     e14:	a53ff0ef          	jal	ra,866 <PD_Send_Handle>
     e18:	b785                	j	d78 <PD_Message_Process+0x68>
     e1a:	00003537          	lui	a0,0x3
     e1e:	f9c50513          	addi	a0,a0,-100 # 2f9c <_read+0x244>
     e22:	69f000ef          	jal	ra,1cc0 <puts>
     e26:	4505                	li	a0,1
     e28:	221000ef          	jal	ra,1848 <Delay_Ms>
     e2c:	458d                	li	a1,3
     e2e:	4501                	li	a0,0
     e30:	9e5ff0ef          	jal	ra,814 <PD_Load_Header>
     e34:	4581                	li	a1,0
     e36:	4501                	li	a0,0
     e38:	bff1                	j	e14 <PD_Message_Process+0x104>
     e3a:	00003537          	lui	a0,0x3
     e3e:	fb450513          	addi	a0,a0,-76 # 2fb4 <_read+0x25c>
     e42:	67f000ef          	jal	ra,1cc0 <puts>
     e46:	4505                	li	a0,1
     e48:	201000ef          	jal	ra,1848 <Delay_Ms>
     e4c:	4585                	li	a1,1
     e4e:	4505                	li	a0,1
     e50:	9c5ff0ef          	jal	ra,814 <PD_Load_Header>
     e54:	20000537          	lui	a0,0x20000
     e58:	45f1                	li	a1,28
     e5a:	02050513          	addi	a0,a0,32 # 20000020 <SrcCap_Ext_Tab>
     e5e:	bf5d                	j	e14 <PD_Message_Process+0x104>
     e60:	00003537          	lui	a0,0x3
     e64:	fd050513          	addi	a0,a0,-48 # 2fd0 <_read+0x278>
     e68:	659000ef          	jal	ra,1cc0 <puts>
     e6c:	4505                	li	a0,1
     e6e:	1db000ef          	jal	ra,1848 <Delay_Ms>
     e72:	4589                	li	a1,2
     e74:	4505                	li	a0,1
     e76:	99fff0ef          	jal	ra,814 <PD_Load_Header>
     e7a:	45a1                	li	a1,8
     e7c:	82818513          	addi	a0,gp,-2008 # 200000d8 <Status_Ext_Tab>
     e80:	bf51                	j	e14 <PD_Message_Process+0x104>
     e82:	00003537          	lui	a0,0x3
     e86:	fe850513          	addi	a0,a0,-24 # 2fe8 <_read+0x290>
     e8a:	637000ef          	jal	ra,1cc0 <puts>
     e8e:	4505                	li	a0,1
     e90:	1b9000ef          	jal	ra,1848 <Delay_Ms>
     e94:	4591                	li	a1,4
     e96:	bf61                	j	e2e <PD_Message_Process+0x11e>
     e98:	00003537          	lui	a0,0x3
     e9c:	00050513          	mv	a0,a0
     ea0:	621000ef          	jal	ra,1cc0 <puts>
     ea4:	3989                	jal	af6 <vdm_process>
     ea6:	bdc9                	j	d78 <PD_Message_Process+0x68>
     ea8:	00003537          	lui	a0,0x3
     eac:	01c50513          	addi	a0,a0,28 # 301c <_read+0x2c4>
     eb0:	bf3d                	j	dee <PD_Message_Process+0xde>

00000eb2 <USBPD_IRQHandler>:
     eb2:	400277b7          	lui	a5,0x40027
     eb6:	3798                	lbu	a4,9(a5)
     eb8:	1141                	addi	sp,sp,-16
     eba:	c622                	sw	s0,12(sp)
     ebc:	c426                	sw	s1,8(sp)
     ebe:	02077713          	andi	a4,a4,32
     ec2:	88418413          	addi	s0,gp,-1916 # 20000134 <PD_Ctl>
     ec6:	cb35                	beqz	a4,f3a <USBPD_IRQHandler+0x88>
     ec8:	3798                	lbu	a4,9(a5)
     eca:	4685                	li	a3,1
     ecc:	02076713          	ori	a4,a4,32
     ed0:	b798                	sb	a4,9(a5)
     ed2:	3798                	lbu	a4,9(a5)
     ed4:	8b0d                	andi	a4,a4,3
     ed6:	06d71263          	bne	a4,a3,f3a <USBPD_IRQHandler+0x88>
     eda:	27b6                	lhu	a3,10(a5)
     edc:	4615                	li	a2,5
     ede:	04d67e63          	bgeu	a2,a3,f3a <USBPD_IRQHandler+0x88>
     ee2:	27be                	lhu	a5,10(a5)
     ee4:	4699                	li	a3,6
     ee6:	8a418493          	addi	s1,gp,-1884 # 20000154 <PD_Rx_Buf>
     eea:	00f69663          	bne	a3,a5,ef6 <USBPD_IRQHandler+0x44>
     eee:	209c                	lbu	a5,0(s1)
     ef0:	8bfd                	andi	a5,a5,31
     ef2:	0ce78963          	beq	a5,a4,fc4 <USBPD_IRQHandler+0x112>
     ef6:	4579                	li	a0,30
     ef8:	11b000ef          	jal	ra,1812 <Delay_Us>
     efc:	85018693          	addi	a3,gp,-1968 # 20000100 <PD_Ack_Buf>
     f00:	4c18                	lw	a4,24(s0)
     f02:	04100793          	li	a5,65
     f06:	a29c                	sb	a5,0(a3)
     f08:	309c                	lbu	a5,1(s1)
     f0a:	8315                	srli	a4,a4,0x5
     f0c:	8b05                	andi	a4,a4,1
     f0e:	8bb9                	andi	a5,a5,14
     f10:	8fd9                	or	a5,a5,a4
     f12:	b29c                	sb	a5,1(a3)
     f14:	40027737          	lui	a4,0x40027
     f18:	231e                	lhu	a5,0(a4)
     f1a:	66a1                	lui	a3,0x8
     f1c:	4501                	li	a0,0
     f1e:	8fd5                	or	a5,a5,a3
     f20:	a31e                	sh	a5,0(a4)
     f22:	4681                	li	a3,0
     f24:	4609                	li	a2,2
     f26:	85018593          	addi	a1,gp,-1968 # 20000100 <PD_Ack_Buf>
     f2a:	f80ff0ef          	jal	ra,6aa <PD_Phy_SendPack>
     f2e:	00003537          	lui	a0,0x3
     f32:	03450513          	addi	a0,a0,52 # 3034 <_read+0x2dc>
     f36:	58b000ef          	jal	ra,1cc0 <puts>
     f3a:	400277b7          	lui	a5,0x40027
     f3e:	3798                	lbu	a4,9(a5)
     f40:	0762                	slli	a4,a4,0x18
     f42:	8761                	srai	a4,a4,0x18
     f44:	02075e63          	bgez	a4,f80 <USBPD_IRQHandler+0xce>
     f48:	27da                	lhu	a4,12(a5)
     f4a:	000206b7          	lui	a3,0x20
     f4e:	0742                	slli	a4,a4,0x10
     f50:	8341                	srli	a4,a4,0x10
     f52:	9b3d                	andi	a4,a4,-17
     f54:	0742                	slli	a4,a4,0x10
     f56:	8341                	srli	a4,a4,0x10
     f58:	a7da                	sh	a4,12(a5)
     f5a:	27fa                	lhu	a4,14(a5)
     f5c:	0742                	slli	a4,a4,0x10
     f5e:	8341                	srli	a4,a4,0x10
     f60:	9b3d                	andi	a4,a4,-17
     f62:	0742                	slli	a4,a4,0x10
     f64:	8341                	srli	a4,a4,0x10
     f66:	a7fa                	sh	a4,14(a5)
     f68:	e000e737          	lui	a4,0xe000e
     f6c:	18d72223          	sw	a3,388(a4) # e000e184 <_eusrstack+0xc0009184>
     f70:	2c1a                	lhu	a4,24(s0)
     f72:	00176713          	ori	a4,a4,1
     f76:	ac1a                	sh	a4,24(s0)
     f78:	3798                	lbu	a4,9(a5)
     f7a:	08076713          	ori	a4,a4,128
     f7e:	b798                	sb	a4,9(a5)
     f80:	400277b7          	lui	a5,0x40027
     f84:	3798                	lbu	a4,9(a5)
     f86:	04077713          	andi	a4,a4,64
     f8a:	cf09                	beqz	a4,fa4 <USBPD_IRQHandler+0xf2>
     f8c:	3798                	lbu	a4,9(a5)
     f8e:	04076713          	ori	a4,a4,64
     f92:	b798                	sb	a4,9(a5)
     f94:	d20ff0ef          	jal	ra,4b4 <PD_SINK_Init>
     f98:	00003537          	lui	a0,0x3
     f9c:	06050513          	addi	a0,a0,96 # 3060 <_read+0x308>
     fa0:	521000ef          	jal	ra,1cc0 <puts>
     fa4:	2c1e                	lhu	a5,24(s0)
     fa6:	470d                	li	a4,3
     fa8:	8b8d                	andi	a5,a5,3
     faa:	00e79863          	bne	a5,a4,fba <USBPD_IRQHandler+0x108>
     fae:	338d                	jal	d10 <PD_Message_Process>
     fb0:	cb2ff0ef          	jal	ra,462 <PD_Rx_Mode>
     fb4:	2c1e                	lhu	a5,24(s0)
     fb6:	9bf9                	andi	a5,a5,-2
     fb8:	ac1e                	sh	a5,24(s0)
     fba:	4432                	lw	s0,12(sp)
     fbc:	44a2                	lw	s1,8(sp)
     fbe:	0141                	addi	sp,sp,16
     fc0:	30200073          	mret
     fc4:	00003537          	lui	a0,0x3
     fc8:	04850513          	addi	a0,a0,72 # 3048 <_read+0x2f0>
     fcc:	b7ad                	j	f36 <USBPD_IRQHandler+0x84>

00000fce <PD_Main_Proc>:
     fce:	962ff2ef          	jal	t0,130 <__riscv_save_0>
     fd2:	8841a783          	lw	a5,-1916(gp) # 20000134 <PD_Ctl>
     fd6:	4725                	li	a4,9
     fd8:	86a2                	mv	a3,s0
     fda:	06e78d63          	beq	a5,a4,1054 <PD_Main_Proc+0x86>
     fde:	02f76563          	bltu	a4,a5,1008 <PD_Main_Proc+0x3a>
     fe2:	4709                	li	a4,2
     fe4:	02e78f63          	beq	a5,a4,1022 <PD_Main_Proc+0x54>
     fe8:	4719                	li	a4,6
     fea:	06e78563          	beq	a5,a4,1054 <PD_Main_Proc+0x86>
     fee:	4705                	li	a4,1
     ff0:	00e79a63          	bne	a5,a4,1004 <PD_Main_Proc+0x36>
     ff4:	00003537          	lui	a0,0x3
     ff8:	ef050513          	addi	a0,a0,-272 # 2ef0 <_read+0x198>
     ffc:	4c5000ef          	jal	ra,1cc0 <puts>
    1000:	cceff0ef          	jal	ra,4ce <PD_PHY_Reset>
    1004:	950ff06f          	j	154 <__riscv_restore_0>
    1008:	477d                	li	a4,31
    100a:	06e78b63          	beq	a5,a4,1080 <PD_Main_Proc+0xb2>
    100e:	02000713          	li	a4,32
    1012:	08e78963          	beq	a5,a4,10a4 <PD_Main_Proc+0xd6>
    1016:	4729                	li	a4,10
    1018:	fee796e3          	bne	a5,a4,1004 <PD_Main_Proc+0x36>
    101c:	8801a223          	sw	zero,-1916(gp) # 20000134 <PD_Ctl>
    1020:	b7d5                	j	1004 <PD_Main_Proc+0x36>
    1022:	88418713          	addi	a4,gp,-1916 # 20000134 <PD_Ctl>
    1026:	84e1c683          	lbu	a3,-1970(gp) # 200000fe <Tmr_Ms_Dlt>
    102a:	277e                	lhu	a5,14(a4)
    102c:	97b6                	add	a5,a5,a3
    102e:	07c2                	slli	a5,a5,0x10
    1030:	83c1                	srli	a5,a5,0x10
    1032:	a77e                	sh	a5,14(a4)
    1034:	3e700693          	li	a3,999
    1038:	fcf6f6e3          	bgeu	a3,a5,1004 <PD_Main_Proc+0x36>
    103c:	3b5c                	lbu	a5,21(a4)
    103e:	4695                	li	a3,5
    1040:	0785                	addi	a5,a5,1
    1042:	0ff7f793          	andi	a5,a5,255
    1046:	00f6e463          	bltu	a3,a5,104e <PD_Main_Proc+0x80>
    104a:	bb5c                	sb	a5,21(a4)
    104c:	bf65                	j	1004 <PD_Main_Proc+0x36>
    104e:	00070aa3          	sb	zero,21(a4)
    1052:	b7e9                	j	101c <PD_Main_Proc+0x4e>
    1054:	88418713          	addi	a4,gp,-1916 # 20000134 <PD_Ctl>
    1058:	84e1c603          	lbu	a2,-1970(gp) # 200000fe <Tmr_Ms_Dlt>
    105c:	277e                	lhu	a5,14(a4)
    105e:	97b2                	add	a5,a5,a2
    1060:	07c2                	slli	a5,a5,0x10
    1062:	83c1                	srli	a5,a5,0x10
    1064:	a77e                	sh	a5,14(a4)
    1066:	1f300613          	li	a2,499
    106a:	f8f67de3          	bgeu	a2,a5,1004 <PD_Main_Proc+0x36>
    106e:	2f1e                	lhu	a5,24(a4)
    1070:	00071723          	sh	zero,14(a4)
    1074:	9bed                	andi	a5,a5,-5
    1076:	af1e                	sh	a5,24(a4)
    1078:	47fd                	li	a5,31
    107a:	88f1a223          	sw	a5,-1916(gp) # 20000134 <PD_Ctl>
    107e:	b759                	j	1004 <PD_Main_Proc+0x36>
    1080:	45b5                	li	a1,13
    1082:	4501                	li	a0,0
    1084:	f90ff0ef          	jal	ra,814 <PD_Load_Header>
    1088:	4581                	li	a1,0
    108a:	4501                	li	a0,0
    108c:	fdaff0ef          	jal	ra,866 <PD_Send_Handle>
    1090:	00a03533          	snez	a0,a0
    1094:	0516                	slli	a0,a0,0x5
    1096:	88a1a223          	sw	a0,-1916(gp) # 20000134 <PD_Ctl>
    109a:	88418413          	addi	s0,gp,-1916 # 20000134 <PD_Ctl>
    109e:	00041723          	sh	zero,14(s0)
    10a2:	b78d                	j	1004 <PD_Main_Proc+0x36>
    10a4:	88418493          	addi	s1,gp,-1916 # 20000134 <PD_Ctl>
    10a8:	2c9e                	lhu	a5,24(s1)
    10aa:	0a900693          	li	a3,169
    10ae:	4601                	li	a2,0
    10b0:	0047e793          	ori	a5,a5,4
    10b4:	4581                	li	a1,0
    10b6:	4505                	li	a0,1
    10b8:	ac9e                	sh	a5,24(s1)
    10ba:	df0ff0ef          	jal	ra,6aa <PD_Phy_SendPack>
    10be:	ba4ff0ef          	jal	ra,462 <PD_Rx_Mode>
    10c2:	8801a223          	sw	zero,-1916(gp) # 20000134 <PD_Ctl>
    10c6:	00049723          	sh	zero,14(s1)
    10ca:	bf2d                	j	1004 <PD_Main_Proc+0x36>

000010cc <TIM3_Init>:
    10cc:	864ff2ef          	jal	t0,130 <__riscv_save_0>
    10d0:	1101                	addi	sp,sp,-32
    10d2:	84aa                	mv	s1,a0
    10d4:	842e                	mv	s0,a1
    10d6:	4509                	li	a0,2
    10d8:	4585                	li	a1,1
    10da:	ca02                	sw	zero,20(sp)
    10dc:	cc02                	sw	zero,24(sp)
    10de:	00011e23          	sh	zero,28(sp)
    10e2:	c602                	sw	zero,12(sp)
    10e4:	c802                	sw	zero,16(sp)
    10e6:	23b5                	jal	1652 <RCC_APB1PeriphClockCmd>
    10e8:	82e0                	sh	s0,20(sp)
    10ea:	40000437          	lui	s0,0x40000
    10ee:	084c                	addi	a1,sp,20
    10f0:	40040513          	addi	a0,s0,1024 # 40000400 <_eusrstack+0x1fffb400>
    10f4:	84e4                	sh	s1,24(sp)
    10f6:	00011d23          	sh	zero,26(sp)
    10fa:	00011b23          	sh	zero,22(sp)
    10fe:	00010e23          	sb	zero,28(sp)
    1102:	2371                	jal	168e <TIM_TimeBaseInit>
    1104:	03600793          	li	a5,54
    1108:	867c                	sh	a5,12(sp)
    110a:	478d                	li	a5,3
    110c:	875c                	sb	a5,14(sp)
    110e:	0068                	addi	a0,sp,12
    1110:	4785                	li	a5,1
    1112:	c83e                	sw	a5,16(sp)
    1114:	2939                	jal	1532 <NVIC_Init>
    1116:	4605                	li	a2,1
    1118:	40040513          	addi	a0,s0,1024
    111c:	4585                	li	a1,1
    111e:	2bf9                	jal	16fc <TIM_ITConfig>
    1120:	4585                	li	a1,1
    1122:	40040513          	addi	a0,s0,1024
    1126:	2b7d                	jal	16e4 <TIM_Cmd>
    1128:	6105                	addi	sp,sp,32
    112a:	82aff06f          	j	154 <__riscv_restore_0>
    112e:	a001                	j	112e <TIM3_Init+0x62>
    1130:	a001                	j	1130 <TIM3_Init+0x64>

00001132 <Ecall_M_Mode_Handler>:
    1132:	a001                	j	1132 <Ecall_M_Mode_Handler>

00001134 <Ecall_U_Mode_Handler>:
    1134:	a001                	j	1134 <Ecall_U_Mode_Handler>

00001136 <Break_Point_Handler>:
    1136:	a001                	j	1136 <Break_Point_Handler>

00001138 <SysTick_Handler>:
    1138:	a001                	j	1138 <SysTick_Handler>

0000113a <SW_Handler>:
    113a:	a001                	j	113a <SW_Handler>

0000113c <WWDG_IRQHandler>:
    113c:	a001                	j	113c <WWDG_IRQHandler>

0000113e <PVD_IRQHandler>:
    113e:	a001                	j	113e <PVD_IRQHandler>

00001140 <FLASH_IRQHandler>:
    1140:	a001                	j	1140 <FLASH_IRQHandler>

00001142 <EXTI7_0_IRQHandler>:
    1142:	a001                	j	1142 <EXTI7_0_IRQHandler>

00001144 <AWU_IRQHandler>:
    1144:	a001                	j	1144 <AWU_IRQHandler>

00001146 <DMA1_Channel1_IRQHandler>:
    1146:	a001                	j	1146 <DMA1_Channel1_IRQHandler>

00001148 <DMA1_Channel2_IRQHandler>:
    1148:	a001                	j	1148 <DMA1_Channel2_IRQHandler>

0000114a <DMA1_Channel3_IRQHandler>:
    114a:	a001                	j	114a <DMA1_Channel3_IRQHandler>

0000114c <DMA1_Channel4_IRQHandler>:
    114c:	a001                	j	114c <DMA1_Channel4_IRQHandler>

0000114e <DMA1_Channel5_IRQHandler>:
    114e:	a001                	j	114e <DMA1_Channel5_IRQHandler>

00001150 <DMA1_Channel6_IRQHandler>:
    1150:	a001                	j	1150 <DMA1_Channel6_IRQHandler>

00001152 <DMA1_Channel7_IRQHandler>:
    1152:	a001                	j	1152 <DMA1_Channel7_IRQHandler>

00001154 <ADC1_IRQHandler>:
    1154:	a001                	j	1154 <ADC1_IRQHandler>

00001156 <I2C1_EV_IRQHandler>:
    1156:	a001                	j	1156 <I2C1_EV_IRQHandler>

00001158 <I2C1_ER_IRQHandler>:
    1158:	a001                	j	1158 <I2C1_ER_IRQHandler>

0000115a <USART1_IRQHandler>:
    115a:	a001                	j	115a <USART1_IRQHandler>

0000115c <SPI1_IRQHandler>:
    115c:	a001                	j	115c <SPI1_IRQHandler>

0000115e <TIM1_BRK_IRQHandler>:
    115e:	a001                	j	115e <TIM1_BRK_IRQHandler>

00001160 <TIM1_UP_IRQHandler>:
    1160:	a001                	j	1160 <TIM1_UP_IRQHandler>

00001162 <TIM1_TRG_COM_IRQHandler>:
    1162:	a001                	j	1162 <TIM1_TRG_COM_IRQHandler>

00001164 <TIM1_CC_IRQHandler>:
    1164:	a001                	j	1164 <TIM1_CC_IRQHandler>

00001166 <TIM2_UP_IRQHandler>:
    1166:	a001                	j	1166 <TIM2_UP_IRQHandler>

00001168 <USART2_IRQHandler>:
    1168:	a001                	j	1168 <USART2_IRQHandler>

0000116a <EXTI15_8_IRQHandler>:
    116a:	a001                	j	116a <EXTI15_8_IRQHandler>

0000116c <EXTI25_16_IRQHandler>:
    116c:	a001                	j	116c <EXTI25_16_IRQHandler>

0000116e <USART3_IRQHandler>:
    116e:	a001                	j	116e <USART3_IRQHandler>

00001170 <USART4_IRQHandler>:
    1170:	a001                	j	1170 <USART4_IRQHandler>

00001172 <DMA1_Channel8_IRQHandler>:
    1172:	a001                	j	1172 <DMA1_Channel8_IRQHandler>

00001174 <USBFS_IRQHandler>:
    1174:	a001                	j	1174 <USBFS_IRQHandler>

00001176 <USBFSWakeUp_IRQHandler>:
    1176:	a001                	j	1176 <USBFSWakeUp_IRQHandler>

00001178 <PIOC_IRQHandler>:
    1178:	a001                	j	1178 <PIOC_IRQHandler>

0000117a <OPA_IRQHandler>:
    117a:	a001                	j	117a <OPA_IRQHandler>
    117c:	a001                	j	117c <OPA_IRQHandler+0x2>

0000117e <USBPDWakeUp_IRQHandler>:
    117e:	a001                	j	117e <USBPDWakeUp_IRQHandler>

00001180 <TIM2_CC_IRQHandler>:
    1180:	a001                	j	1180 <TIM2_CC_IRQHandler>

00001182 <TIM2_TRG_COM_IRQHandler>:
    1182:	a001                	j	1182 <TIM2_TRG_COM_IRQHandler>

00001184 <TIM2_BRK_IRQHandler>:
    1184:	a001                	j	1184 <TIM2_BRK_IRQHandler>
    1186:	a001                	j	1186 <TIM2_BRK_IRQHandler+0x2>

00001188 <handle_reset>:
    1188:	1ffff197          	auipc	gp,0x1ffff
    118c:	72818193          	addi	gp,gp,1832 # 200008b0 <__global_pointer$>
    1190:	20004117          	auipc	sp,0x20004
    1194:	e7010113          	addi	sp,sp,-400 # 20005000 <_eusrstack>
    1198:	00002517          	auipc	a0,0x2
    119c:	03450513          	addi	a0,a0,52 # 31cc <_data_lma>
    11a0:	1ffff597          	auipc	a1,0x1ffff
    11a4:	e6058593          	addi	a1,a1,-416 # 20000000 <_data_vma>
    11a8:	84818613          	addi	a2,gp,-1976 # 200000f8 <_edata>
    11ac:	00c5fa63          	bgeu	a1,a2,11c0 <handle_reset+0x38>
    11b0:	00052283          	lw	t0,0(a0)
    11b4:	0055a023          	sw	t0,0(a1)
    11b8:	0511                	addi	a0,a0,4
    11ba:	0591                	addi	a1,a1,4
    11bc:	fec5eae3          	bltu	a1,a2,11b0 <handle_reset+0x28>
    11c0:	84818513          	addi	a0,gp,-1976 # 200000f8 <_edata>
    11c4:	8f018593          	addi	a1,gp,-1808 # 200001a0 <_ebss>
    11c8:	00b57763          	bgeu	a0,a1,11d6 <handle_reset+0x4e>
    11cc:	00052023          	sw	zero,0(a0)
    11d0:	0511                	addi	a0,a0,4
    11d2:	feb56de3          	bltu	a0,a1,11cc <handle_reset+0x44>
    11d6:	42fd                	li	t0,31
    11d8:	bc029073          	csrw	0xbc0,t0
    11dc:	428d                	li	t0,3
    11de:	80429073          	csrw	0x804,t0
    11e2:	08800293          	li	t0,136
    11e6:	3002a073          	csrs	mstatus,t0
    11ea:	fffff297          	auipc	t0,0xfffff
    11ee:	e1a28293          	addi	t0,t0,-486 # 4 <_einit>
    11f2:	0032e293          	ori	t0,t0,3
    11f6:	30529073          	csrw	mtvec,t0
    11fa:	9e8ff0ef          	jal	ra,3e2 <SystemInit>
    11fe:	fffff297          	auipc	t0,0xfffff
    1202:	00e28293          	addi	t0,t0,14 # 20c <main>
    1206:	34129073          	csrw	mepc,t0
    120a:	30200073          	mret

0000120e <ADC_DeInit>:
    120e:	400127b7          	lui	a5,0x40012
    1212:	40078793          	addi	a5,a5,1024 # 40012400 <_eusrstack+0x2000d400>
    1216:	00f51e63          	bne	a0,a5,1232 <ADC_DeInit+0x24>
    121a:	f17fe2ef          	jal	t0,130 <__riscv_save_0>
    121e:	4585                	li	a1,1
    1220:	20000513          	li	a0,512
    1224:	21b1                	jal	1670 <RCC_APB2PeriphResetCmd>
    1226:	4581                	li	a1,0
    1228:	20000513          	li	a0,512
    122c:	2191                	jal	1670 <RCC_APB2PeriphResetCmd>
    122e:	f27fe06f          	j	154 <__riscv_restore_0>
    1232:	8082                	ret

00001234 <ADC_Init>:
    1234:	415c                	lw	a5,4(a0)
    1236:	e0f10737          	lui	a4,0xe0f10
    123a:	eff70713          	addi	a4,a4,-257 # e0f0feff <_eusrstack+0xc0f0aeff>
    123e:	4d94                	lw	a3,24(a1)
    1240:	8f7d                	and	a4,a4,a5
    1242:	419c                	lw	a5,0(a1)
    1244:	8fd5                	or	a5,a5,a3
    1246:	4dd4                	lw	a3,28(a1)
    1248:	8fd5                	or	a5,a5,a3
    124a:	41d4                	lw	a3,4(a1)
    124c:	06a2                	slli	a3,a3,0x8
    124e:	8fd5                	or	a5,a5,a3
    1250:	8fd9                	or	a5,a5,a4
    1252:	c15c                	sw	a5,4(a0)
    1254:	451c                	lw	a5,8(a0)
    1256:	fff1f737          	lui	a4,0xfff1f
    125a:	7fd70713          	addi	a4,a4,2045 # fff1f7fd <_eusrstack+0xdff1a7fd>
    125e:	45d4                	lw	a3,12(a1)
    1260:	8f7d                	and	a4,a4,a5
    1262:	499c                	lw	a5,16(a1)
    1264:	8fd5                	or	a5,a5,a3
    1266:	4594                	lw	a3,8(a1)
    1268:	0686                	slli	a3,a3,0x1
    126a:	8fd5                	or	a5,a5,a3
    126c:	8fd9                	or	a5,a5,a4
    126e:	c51c                	sw	a5,8(a0)
    1270:	555c                	lw	a5,44(a0)
    1272:	ff100737          	lui	a4,0xff100
    1276:	177d                	addi	a4,a4,-1
    1278:	8f7d                	and	a4,a4,a5
    127a:	29dc                	lbu	a5,20(a1)
    127c:	17fd                	addi	a5,a5,-1
    127e:	0ff7f793          	andi	a5,a5,255
    1282:	07d2                	slli	a5,a5,0x14
    1284:	8fd9                	or	a5,a5,a4
    1286:	d55c                	sw	a5,44(a0)
    1288:	8082                	ret

0000128a <ADC_Cmd>:
    128a:	451c                	lw	a5,8(a0)
    128c:	c589                	beqz	a1,1296 <ADC_Cmd+0xc>
    128e:	0017e793          	ori	a5,a5,1
    1292:	c51c                	sw	a5,8(a0)
    1294:	8082                	ret
    1296:	9bf9                	andi	a5,a5,-2
    1298:	bfed                	j	1292 <ADC_Cmd+0x8>

0000129a <ADC_DMACmd>:
    129a:	451c                	lw	a5,8(a0)
    129c:	c589                	beqz	a1,12a6 <ADC_DMACmd+0xc>
    129e:	1007e793          	ori	a5,a5,256
    12a2:	c51c                	sw	a5,8(a0)
    12a4:	8082                	ret
    12a6:	eff7f793          	andi	a5,a5,-257
    12aa:	bfe5                	j	12a2 <ADC_DMACmd+0x8>

000012ac <ADC_SoftwareStartConvCmd>:
    12ac:	451c                	lw	a5,8(a0)
    12ae:	c591                	beqz	a1,12ba <ADC_SoftwareStartConvCmd+0xe>
    12b0:	00500737          	lui	a4,0x500
    12b4:	8fd9                	or	a5,a5,a4
    12b6:	c51c                	sw	a5,8(a0)
    12b8:	8082                	ret
    12ba:	ffb00737          	lui	a4,0xffb00
    12be:	177d                	addi	a4,a4,-1
    12c0:	8ff9                	and	a5,a5,a4
    12c2:	bfd5                	j	12b6 <ADC_SoftwareStartConvCmd+0xa>

000012c4 <ADC_RegularChannelConfig>:
    12c4:	47a5                	li	a5,9
    12c6:	04b7f763          	bgeu	a5,a1,1314 <ADC_RegularChannelConfig+0x50>
    12ca:	478d                	li	a5,3
    12cc:	ff658713          	addi	a4,a1,-10
    12d0:	02f70733          	mul	a4,a4,a5
    12d4:	00c52803          	lw	a6,12(a0)
    12d8:	479d                	li	a5,7
    12da:	00e797b3          	sll	a5,a5,a4
    12de:	fff7c793          	not	a5,a5
    12e2:	0107f7b3          	and	a5,a5,a6
    12e6:	00e696b3          	sll	a3,a3,a4
    12ea:	8edd                	or	a3,a3,a5
    12ec:	c554                	sw	a3,12(a0)
    12ee:	4799                	li	a5,6
    12f0:	04c7e363          	bltu	a5,a2,1336 <ADC_RegularChannelConfig+0x72>
    12f4:	4795                	li	a5,5
    12f6:	167d                	addi	a2,a2,-1
    12f8:	02f60633          	mul	a2,a2,a5
    12fc:	5958                	lw	a4,52(a0)
    12fe:	47fd                	li	a5,31
    1300:	00c797b3          	sll	a5,a5,a2
    1304:	fff7c793          	not	a5,a5
    1308:	8ff9                	and	a5,a5,a4
    130a:	00c59633          	sll	a2,a1,a2
    130e:	8e5d                	or	a2,a2,a5
    1310:	d950                	sw	a2,52(a0)
    1312:	8082                	ret
    1314:	470d                	li	a4,3
    1316:	02e58733          	mul	a4,a1,a4
    131a:	01052803          	lw	a6,16(a0)
    131e:	479d                	li	a5,7
    1320:	00e797b3          	sll	a5,a5,a4
    1324:	fff7c793          	not	a5,a5
    1328:	0107f7b3          	and	a5,a5,a6
    132c:	00e696b3          	sll	a3,a3,a4
    1330:	8edd                	or	a3,a3,a5
    1332:	c914                	sw	a3,16(a0)
    1334:	bf6d                	j	12ee <ADC_RegularChannelConfig+0x2a>
    1336:	47b1                	li	a5,12
    1338:	02c7e263          	bltu	a5,a2,135c <ADC_RegularChannelConfig+0x98>
    133c:	4795                	li	a5,5
    133e:	1665                	addi	a2,a2,-7
    1340:	02f60633          	mul	a2,a2,a5
    1344:	5918                	lw	a4,48(a0)
    1346:	47fd                	li	a5,31
    1348:	00c797b3          	sll	a5,a5,a2
    134c:	fff7c793          	not	a5,a5
    1350:	8ff9                	and	a5,a5,a4
    1352:	00c59633          	sll	a2,a1,a2
    1356:	8e5d                	or	a2,a2,a5
    1358:	d910                	sw	a2,48(a0)
    135a:	8082                	ret
    135c:	4795                	li	a5,5
    135e:	164d                	addi	a2,a2,-13
    1360:	02f60633          	mul	a2,a2,a5
    1364:	5558                	lw	a4,44(a0)
    1366:	47fd                	li	a5,31
    1368:	00c797b3          	sll	a5,a5,a2
    136c:	fff7c793          	not	a5,a5
    1370:	8ff9                	and	a5,a5,a4
    1372:	00c595b3          	sll	a1,a1,a2
    1376:	8ddd                	or	a1,a1,a5
    1378:	d54c                	sw	a1,44(a0)
    137a:	8082                	ret

0000137c <ADC_GetConversionValue>:
    137c:	4568                	lw	a0,76(a0)
    137e:	0542                	slli	a0,a0,0x10
    1380:	8141                	srli	a0,a0,0x10
    1382:	8082                	ret

00001384 <ADC_GetFlagStatus>:
    1384:	4108                	lw	a0,0(a0)
    1386:	8d6d                	and	a0,a0,a1
    1388:	00a03533          	snez	a0,a0
    138c:	8082                	ret

0000138e <ADC_CLKConfig>:
    138e:	493c                	lw	a5,80(a0)
    1390:	e007f793          	andi	a5,a5,-512
    1394:	8ddd                	or	a1,a1,a5
    1396:	c92c                	sw	a1,80(a0)
    1398:	8082                	ret

0000139a <DBGMCU_GetCHIPID>:
    139a:	1ffff7b7          	lui	a5,0x1ffff
    139e:	7047a503          	lw	a0,1796(a5) # 1ffff704 <_data_lma+0x1fffc538>
    13a2:	8082                	ret

000013a4 <GPIO_Init>:
    13a4:	4598                	lw	a4,8(a1)
    13a6:	01077793          	andi	a5,a4,16
    13aa:	00f77813          	andi	a6,a4,15
    13ae:	c781                	beqz	a5,13b6 <GPIO_Init+0x12>
    13b0:	41dc                	lw	a5,4(a1)
    13b2:	00f86833          	or	a6,a6,a5
    13b6:	4194                	lw	a3,0(a1)
    13b8:	4781                	li	a5,0
    13ba:	0ff6f613          	andi	a2,a3,255
    13be:	c239                	beqz	a2,1404 <GPIO_Init+0x60>
    13c0:	411c                	lw	a5,0(a0)
    13c2:	4601                	li	a2,0
    13c4:	4e85                	li	t4,1
    13c6:	4f3d                	li	t5,15
    13c8:	02800f93          	li	t6,40
    13cc:	04800293          	li	t0,72
    13d0:	4e21                	li	t3,8
    13d2:	00ce98b3          	sll	a7,t4,a2
    13d6:	0116f5b3          	and	a1,a3,a7
    13da:	02b89163          	bne	a7,a1,13fc <GPIO_Init+0x58>
    13de:	00261313          	slli	t1,a2,0x2
    13e2:	006f15b3          	sll	a1,t5,t1
    13e6:	fff5c593          	not	a1,a1
    13ea:	8fed                	and	a5,a5,a1
    13ec:	00681333          	sll	t1,a6,t1
    13f0:	00f367b3          	or	a5,t1,a5
    13f4:	0df71763          	bne	a4,t6,14c2 <GPIO_Init+0x11e>
    13f8:	01152a23          	sw	a7,20(a0)
    13fc:	0605                	addi	a2,a2,1
    13fe:	fdc61ae3          	bne	a2,t3,13d2 <GPIO_Init+0x2e>
    1402:	c11c                	sw	a5,0(a0)
    1404:	6641                	lui	a2,0x10
    1406:	f0060613          	addi	a2,a2,-256 # ff00 <_data_lma+0xcd34>
    140a:	8e75                	and	a2,a2,a3
    140c:	c23d                	beqz	a2,1472 <GPIO_Init+0xce>
    140e:	40011637          	lui	a2,0x40011
    1412:	80060593          	addi	a1,a2,-2048 # 40010800 <_eusrstack+0x2000b800>
    1416:	0ab51b63          	bne	a0,a1,14cc <GPIO_Init+0x128>
    141a:	8301a783          	lw	a5,-2000(gp) # 200000e0 <CFGHR_tmpA>
    141e:	45a1                	li	a1,8
    1420:	4e85                	li	t4,1
    1422:	4f3d                	li	t5,15
    1424:	02800f93          	li	t6,40
    1428:	04800293          	li	t0,72
    142c:	4e41                	li	t3,16
    142e:	00be9333          	sll	t1,t4,a1
    1432:	0066f633          	and	a2,a3,t1
    1436:	02c31263          	bne	t1,a2,145a <GPIO_Init+0xb6>
    143a:	00259613          	slli	a2,a1,0x2
    143e:	1601                	addi	a2,a2,-32
    1440:	00cf18b3          	sll	a7,t5,a2
    1444:	fff8c893          	not	a7,a7
    1448:	00f8f7b3          	and	a5,a7,a5
    144c:	00c81633          	sll	a2,a6,a2
    1450:	8fd1                	or	a5,a5,a2
    1452:	09f71963          	bne	a4,t6,14e4 <GPIO_Init+0x140>
    1456:	00652a23          	sw	t1,20(a0)
    145a:	0585                	addi	a1,a1,1
    145c:	fdc599e3          	bne	a1,t3,142e <GPIO_Init+0x8a>
    1460:	40011637          	lui	a2,0x40011
    1464:	c15c                	sw	a5,4(a0)
    1466:	80060593          	addi	a1,a2,-2048 # 40010800 <_eusrstack+0x2000b800>
    146a:	08b51263          	bne	a0,a1,14ee <GPIO_Init+0x14a>
    146e:	82f1a823          	sw	a5,-2000(gp) # 200000e0 <CFGHR_tmpA>
    1472:	67c1                	lui	a5,0x10
    1474:	04f6e663          	bltu	a3,a5,14c0 <GPIO_Init+0x11c>
    1478:	4d50                	lw	a2,28(a0)
    147a:	4781                	li	a5,0
    147c:	4e05                	li	t3,1
    147e:	4f3d                	li	t5,15
    1480:	02800f93          	li	t6,40
    1484:	04800293          	li	t0,72
    1488:	4ea1                	li	t4,8
    148a:	01078593          	addi	a1,a5,16 # 10010 <_data_lma+0xce44>
    148e:	00be15b3          	sll	a1,t3,a1
    1492:	00b6f8b3          	and	a7,a3,a1
    1496:	03159163          	bne	a1,a7,14b8 <GPIO_Init+0x114>
    149a:	00279893          	slli	a7,a5,0x2
    149e:	011f1333          	sll	t1,t5,a7
    14a2:	fff34313          	not	t1,t1
    14a6:	00c37633          	and	a2,t1,a2
    14aa:	011818b3          	sll	a7,a6,a7
    14ae:	00c8e633          	or	a2,a7,a2
    14b2:	05f71a63          	bne	a4,t6,1506 <GPIO_Init+0x162>
    14b6:	c94c                	sw	a1,20(a0)
    14b8:	0785                	addi	a5,a5,1
    14ba:	fdd798e3          	bne	a5,t4,148a <GPIO_Init+0xe6>
    14be:	cd50                	sw	a2,28(a0)
    14c0:	8082                	ret
    14c2:	f2571de3          	bne	a4,t0,13fc <GPIO_Init+0x58>
    14c6:	01152823          	sw	a7,16(a0)
    14ca:	bf0d                	j	13fc <GPIO_Init+0x58>
    14cc:	c0060593          	addi	a1,a2,-1024
    14d0:	00b51563          	bne	a0,a1,14da <GPIO_Init+0x136>
    14d4:	8341a783          	lw	a5,-1996(gp) # 200000e4 <CFGHR_tmpB>
    14d8:	b799                	j	141e <GPIO_Init+0x7a>
    14da:	f4c512e3          	bne	a0,a2,141e <GPIO_Init+0x7a>
    14de:	8381a783          	lw	a5,-1992(gp) # 200000e8 <CFGHR_tmpC>
    14e2:	bf35                	j	141e <GPIO_Init+0x7a>
    14e4:	f6571be3          	bne	a4,t0,145a <GPIO_Init+0xb6>
    14e8:	00652823          	sw	t1,16(a0)
    14ec:	b7bd                	j	145a <GPIO_Init+0xb6>
    14ee:	c0060593          	addi	a1,a2,-1024
    14f2:	00b51563          	bne	a0,a1,14fc <GPIO_Init+0x158>
    14f6:	82f1aa23          	sw	a5,-1996(gp) # 200000e4 <CFGHR_tmpB>
    14fa:	bfa5                	j	1472 <GPIO_Init+0xce>
    14fc:	f6c51be3          	bne	a0,a2,1472 <GPIO_Init+0xce>
    1500:	82f1ac23          	sw	a5,-1992(gp) # 200000e8 <CFGHR_tmpC>
    1504:	b7bd                	j	1472 <GPIO_Init+0xce>
    1506:	fa5719e3          	bne	a4,t0,14b8 <GPIO_Init+0x114>
    150a:	00fe15b3          	sll	a1,t3,a5
    150e:	d10c                	sw	a1,32(a0)
    1510:	b765                	j	14b8 <GPIO_Init+0x114>

00001512 <GPIO_SetBits>:
    1512:	01059793          	slli	a5,a1,0x10
    1516:	83c1                	srli	a5,a5,0x10
    1518:	c391                	beqz	a5,151c <GPIO_SetBits+0xa>
    151a:	c90c                	sw	a1,16(a0)
    151c:	67c1                	lui	a5,0x10
    151e:	00f5e463          	bltu	a1,a5,1526 <GPIO_SetBits+0x14>
    1522:	81c1                	srli	a1,a1,0x10
    1524:	d10c                	sw	a1,32(a0)
    1526:	8082                	ret

00001528 <GPIO_ResetBits>:
    1528:	c94c                	sw	a1,20(a0)
    152a:	8082                	ret

0000152c <NVIC_PriorityGroupConfig>:
    152c:	84a1aa23          	sw	a0,-1964(gp) # 20000104 <NVIC_Priority_Group>
    1530:	8082                	ret

00001532 <NVIC_Init>:
    1532:	85418793          	addi	a5,gp,-1964 # 20000104 <NVIC_Priority_Group>
    1536:	4394                	lw	a3,0(a5)
    1538:	2118                	lbu	a4,0(a0)
    153a:	e681                	bnez	a3,1542 <NVIC_Init+0x10>
    153c:	213c                	lbu	a5,2(a0)
    153e:	0792                	slli	a5,a5,0x4
    1540:	a821                	j	1558 <NVIC_Init+0x26>
    1542:	4394                	lw	a3,0(a5)
    1544:	4605                	li	a2,1
    1546:	02c69f63          	bne	a3,a2,1584 <NVIC_Init+0x52>
    154a:	213c                	lbu	a5,2(a0)
    154c:	3110                	lbu	a2,1(a0)
    154e:	0792                	slli	a5,a5,0x4
    1550:	00d61463          	bne	a2,a3,1558 <NVIC_Init+0x26>
    1554:	f807e793          	ori	a5,a5,-128
    1558:	e000e6b7          	lui	a3,0xe000e
    155c:	0ff7f793          	andi	a5,a5,255
    1560:	96ba                	add	a3,a3,a4
    1562:	40f68023          	sb	a5,1024(a3) # e000e400 <_eusrstack+0xc0009400>
    1566:	4685                	li	a3,1
    1568:	00575793          	srli	a5,a4,0x5
    156c:	00e69733          	sll	a4,a3,a4
    1570:	4154                	lw	a3,4(a0)
    1572:	c2a5                	beqz	a3,15d2 <NVIC_Init+0xa0>
    1574:	04078793          	addi	a5,a5,64 # 10040 <_data_lma+0xce74>
    1578:	078a                	slli	a5,a5,0x2
    157a:	e000e6b7          	lui	a3,0xe000e
    157e:	97b6                	add	a5,a5,a3
    1580:	c398                	sw	a4,0(a5)
    1582:	8082                	ret
    1584:	438c                	lw	a1,0(a5)
    1586:	4689                	li	a3,2
    1588:	02d59163          	bne	a1,a3,15aa <NVIC_Init+0x78>
    158c:	3114                	lbu	a3,1(a0)
    158e:	213c                	lbu	a5,2(a0)
    1590:	00d66563          	bltu	a2,a3,159a <NVIC_Init+0x68>
    1594:	068a                	slli	a3,a3,0x2
    1596:	97b6                	add	a5,a5,a3
    1598:	b75d                	j	153e <NVIC_Init+0xc>
    159a:	03e68693          	addi	a3,a3,62 # e000e03e <_eusrstack+0xc000903e>
    159e:	068a                	slli	a3,a3,0x2
    15a0:	97b6                	add	a5,a5,a3
    15a2:	0ff7f793          	andi	a5,a5,255
    15a6:	0792                	slli	a5,a5,0x4
    15a8:	b775                	j	1554 <NVIC_Init+0x22>
    15aa:	4390                	lw	a2,0(a5)
    15ac:	468d                	li	a3,3
    15ae:	00d61c63          	bne	a2,a3,15c6 <NVIC_Init+0x94>
    15b2:	3114                	lbu	a3,1(a0)
    15b4:	213c                	lbu	a5,2(a0)
    15b6:	00d66463          	bltu	a2,a3,15be <NVIC_Init+0x8c>
    15ba:	0686                	slli	a3,a3,0x1
    15bc:	bfe9                	j	1596 <NVIC_Init+0x64>
    15be:	07c68693          	addi	a3,a3,124
    15c2:	0686                	slli	a3,a3,0x1
    15c4:	bff1                	j	15a0 <NVIC_Init+0x6e>
    15c6:	4394                	lw	a3,0(a5)
    15c8:	4791                	li	a5,4
    15ca:	f8f69ee3          	bne	a3,a5,1566 <NVIC_Init+0x34>
    15ce:	311c                	lbu	a5,1(a0)
    15d0:	b7bd                	j	153e <NVIC_Init+0xc>
    15d2:	06078793          	addi	a5,a5,96
    15d6:	b74d                	j	1578 <NVIC_Init+0x46>

000015d8 <RCC_GetClocksFreq>:
    15d8:	02dc77b7          	lui	a5,0x2dc7
    15dc:	c0078793          	addi	a5,a5,-1024 # 2dc6c00 <_data_lma+0x2dc3a34>
    15e0:	c11c                	sw	a5,0(a0)
    15e2:	40021637          	lui	a2,0x40021
    15e6:	4258                	lw	a4,4(a2)
    15e8:	8311                	srli	a4,a4,0x4
    15ea:	00f77693          	andi	a3,a4,15
    15ee:	20000737          	lui	a4,0x20000
    15f2:	03c70713          	addi	a4,a4,60 # 2000003c <APBAHBPrescTable>
    15f6:	9736                	add	a4,a4,a3
    15f8:	2314                	lbu	a3,0(a4)
    15fa:	4250                	lw	a2,4(a2)
    15fc:	0ff6f693          	andi	a3,a3,255
    1600:	08067613          	andi	a2,a2,128
    1604:	00d7d733          	srl	a4,a5,a3
    1608:	e219                	bnez	a2,160e <RCC_GetClocksFreq+0x36>
    160a:	02d7d733          	divu	a4,a5,a3
    160e:	c158                	sw	a4,4(a0)
    1610:	c518                	sw	a4,8(a0)
    1612:	c558                	sw	a4,12(a0)
    1614:	8082                	ret

00001616 <RCC_AHBPeriphClockCmd>:
    1616:	c599                	beqz	a1,1624 <RCC_AHBPeriphClockCmd+0xe>
    1618:	40021737          	lui	a4,0x40021
    161c:	4b5c                	lw	a5,20(a4)
    161e:	8d5d                	or	a0,a0,a5
    1620:	cb48                	sw	a0,20(a4)
    1622:	8082                	ret
    1624:	400217b7          	lui	a5,0x40021
    1628:	4bd8                	lw	a4,20(a5)
    162a:	fff54513          	not	a0,a0
    162e:	8d79                	and	a0,a0,a4
    1630:	cbc8                	sw	a0,20(a5)
    1632:	8082                	ret

00001634 <RCC_APB2PeriphClockCmd>:
    1634:	c599                	beqz	a1,1642 <RCC_APB2PeriphClockCmd+0xe>
    1636:	40021737          	lui	a4,0x40021
    163a:	4f1c                	lw	a5,24(a4)
    163c:	8d5d                	or	a0,a0,a5
    163e:	cf08                	sw	a0,24(a4)
    1640:	8082                	ret
    1642:	400217b7          	lui	a5,0x40021
    1646:	4f98                	lw	a4,24(a5)
    1648:	fff54513          	not	a0,a0
    164c:	8d79                	and	a0,a0,a4
    164e:	cf88                	sw	a0,24(a5)
    1650:	8082                	ret

00001652 <RCC_APB1PeriphClockCmd>:
    1652:	c599                	beqz	a1,1660 <RCC_APB1PeriphClockCmd+0xe>
    1654:	40021737          	lui	a4,0x40021
    1658:	4f5c                	lw	a5,28(a4)
    165a:	8d5d                	or	a0,a0,a5
    165c:	cf48                	sw	a0,28(a4)
    165e:	8082                	ret
    1660:	400217b7          	lui	a5,0x40021
    1664:	4fd8                	lw	a4,28(a5)
    1666:	fff54513          	not	a0,a0
    166a:	8d79                	and	a0,a0,a4
    166c:	cfc8                	sw	a0,28(a5)
    166e:	8082                	ret

00001670 <RCC_APB2PeriphResetCmd>:
    1670:	c599                	beqz	a1,167e <RCC_APB2PeriphResetCmd+0xe>
    1672:	40021737          	lui	a4,0x40021
    1676:	475c                	lw	a5,12(a4)
    1678:	8d5d                	or	a0,a0,a5
    167a:	c748                	sw	a0,12(a4)
    167c:	8082                	ret
    167e:	400217b7          	lui	a5,0x40021
    1682:	47d8                	lw	a4,12(a5)
    1684:	fff54513          	not	a0,a0
    1688:	8d79                	and	a0,a0,a4
    168a:	c7c8                	sw	a0,12(a5)
    168c:	8082                	ret

0000168e <TIM_TimeBaseInit>:
    168e:	211e                	lhu	a5,0(a0)
    1690:	40013737          	lui	a4,0x40013
    1694:	c0070713          	addi	a4,a4,-1024 # 40012c00 <_eusrstack+0x2000dc00>
    1698:	07c2                	slli	a5,a5,0x10
    169a:	83c1                	srli	a5,a5,0x10
    169c:	00e50663          	beq	a0,a4,16a8 <TIM_TimeBaseInit+0x1a>
    16a0:	40000737          	lui	a4,0x40000
    16a4:	00e51663          	bne	a0,a4,16b0 <TIM_TimeBaseInit+0x22>
    16a8:	21ba                	lhu	a4,2(a1)
    16aa:	f8f7f793          	andi	a5,a5,-113
    16ae:	8fd9                	or	a5,a5,a4
    16b0:	21fa                	lhu	a4,6(a1)
    16b2:	cff7f793          	andi	a5,a5,-769
    16b6:	07c2                	slli	a5,a5,0x10
    16b8:	83c1                	srli	a5,a5,0x10
    16ba:	8fd9                	or	a5,a5,a4
    16bc:	a11e                	sh	a5,0(a0)
    16be:	21de                	lhu	a5,4(a1)
    16c0:	b55e                	sh	a5,44(a0)
    16c2:	219e                	lhu	a5,0(a1)
    16c4:	b51e                	sh	a5,40(a0)
    16c6:	400137b7          	lui	a5,0x40013
    16ca:	c0078793          	addi	a5,a5,-1024 # 40012c00 <_eusrstack+0x2000dc00>
    16ce:	00f50663          	beq	a0,a5,16da <TIM_TimeBaseInit+0x4c>
    16d2:	400007b7          	lui	a5,0x40000
    16d6:	00f51463          	bne	a0,a5,16de <TIM_TimeBaseInit+0x50>
    16da:	259c                	lbu	a5,8(a1)
    16dc:	b91e                	sh	a5,48(a0)
    16de:	4785                	li	a5,1
    16e0:	a95e                	sh	a5,20(a0)
    16e2:	8082                	ret

000016e4 <TIM_Cmd>:
    16e4:	211e                	lhu	a5,0(a0)
    16e6:	c589                	beqz	a1,16f0 <TIM_Cmd+0xc>
    16e8:	0017e793          	ori	a5,a5,1
    16ec:	a11e                	sh	a5,0(a0)
    16ee:	8082                	ret
    16f0:	07c2                	slli	a5,a5,0x10
    16f2:	83c1                	srli	a5,a5,0x10
    16f4:	9bf9                	andi	a5,a5,-2
    16f6:	07c2                	slli	a5,a5,0x10
    16f8:	83c1                	srli	a5,a5,0x10
    16fa:	bfcd                	j	16ec <TIM_Cmd+0x8>

000016fc <TIM_ITConfig>:
    16fc:	255e                	lhu	a5,12(a0)
    16fe:	c601                	beqz	a2,1706 <TIM_ITConfig+0xa>
    1700:	8ddd                	or	a1,a1,a5
    1702:	a54e                	sh	a1,12(a0)
    1704:	8082                	ret
    1706:	fff5c593          	not	a1,a1
    170a:	8dfd                	and	a1,a1,a5
    170c:	bfdd                	j	1702 <TIM_ITConfig+0x6>

0000170e <TIM_GetITStatus>:
    170e:	291e                	lhu	a5,16(a0)
    1710:	254a                	lhu	a0,12(a0)
    1712:	8fed                	and	a5,a5,a1
    1714:	0542                	slli	a0,a0,0x10
    1716:	8141                	srli	a0,a0,0x10
    1718:	c789                	beqz	a5,1722 <TIM_GetITStatus+0x14>
    171a:	8d6d                	and	a0,a0,a1
    171c:	00a03533          	snez	a0,a0
    1720:	8082                	ret
    1722:	4501                	li	a0,0
    1724:	8082                	ret

00001726 <TIM_ClearITPendingBit>:
    1726:	fff5c593          	not	a1,a1
    172a:	05c2                	slli	a1,a1,0x10
    172c:	81c1                	srli	a1,a1,0x10
    172e:	a90e                	sh	a1,16(a0)
    1730:	8082                	ret

00001732 <USART_Init>:
    1732:	9fffe2ef          	jal	t0,130 <__riscv_save_0>
    1736:	2916                	lhu	a3,16(a0)
    1738:	77f5                	lui	a5,0xffffd
    173a:	17fd                	addi	a5,a5,-1
    173c:	8ff5                	and	a5,a5,a3
    173e:	21f6                	lhu	a3,6(a1)
    1740:	25da                	lhu	a4,12(a1)
    1742:	1101                	addi	sp,sp,-32
    1744:	8fd5                	or	a5,a5,a3
    1746:	a91e                	sh	a5,16(a0)
    1748:	2556                	lhu	a3,12(a0)
    174a:	77fd                	lui	a5,0xfffff
    174c:	9f378793          	addi	a5,a5,-1549 # ffffe9f3 <_eusrstack+0xdfff99f3>
    1750:	8ff5                	and	a5,a5,a3
    1752:	21d6                	lhu	a3,4(a1)
    1754:	842a                	mv	s0,a0
    1756:	c62e                	sw	a1,12(sp)
    1758:	8fd5                	or	a5,a5,a3
    175a:	2596                	lhu	a3,8(a1)
    175c:	8fd5                	or	a5,a5,a3
    175e:	25b6                	lhu	a3,10(a1)
    1760:	8fd5                	or	a5,a5,a3
    1762:	a55e                	sh	a5,12(a0)
    1764:	295e                	lhu	a5,20(a0)
    1766:	07c2                	slli	a5,a5,0x10
    1768:	83c1                	srli	a5,a5,0x10
    176a:	cff7f793          	andi	a5,a5,-769
    176e:	8fd9                	or	a5,a5,a4
    1770:	a95e                	sh	a5,20(a0)
    1772:	0808                	addi	a0,sp,16
    1774:	3595                	jal	15d8 <RCC_GetClocksFreq>
    1776:	400147b7          	lui	a5,0x40014
    177a:	80078793          	addi	a5,a5,-2048 # 40013800 <_eusrstack+0x2000e800>
    177e:	45b2                	lw	a1,12(sp)
    1780:	02f41e63          	bne	s0,a5,17bc <USART_Init+0x8a>
    1784:	47f2                	lw	a5,28(sp)
    1786:	4765                	li	a4,25
    1788:	02e787b3          	mul	a5,a5,a4
    178c:	4198                	lw	a4,0(a1)
    178e:	06400693          	li	a3,100
    1792:	070a                	slli	a4,a4,0x2
    1794:	02e7d7b3          	divu	a5,a5,a4
    1798:	02d7d733          	divu	a4,a5,a3
    179c:	02d7f7b3          	remu	a5,a5,a3
    17a0:	0712                	slli	a4,a4,0x4
    17a2:	0792                	slli	a5,a5,0x4
    17a4:	03278793          	addi	a5,a5,50
    17a8:	02d7d7b3          	divu	a5,a5,a3
    17ac:	8bbd                	andi	a5,a5,15
    17ae:	8fd9                	or	a5,a5,a4
    17b0:	07c2                	slli	a5,a5,0x10
    17b2:	83c1                	srli	a5,a5,0x10
    17b4:	a41e                	sh	a5,8(s0)
    17b6:	6105                	addi	sp,sp,32
    17b8:	99dfe06f          	j	154 <__riscv_restore_0>
    17bc:	47e2                	lw	a5,24(sp)
    17be:	b7e1                	j	1786 <USART_Init+0x54>

000017c0 <USART_Cmd>:
    17c0:	c591                	beqz	a1,17cc <USART_Cmd+0xc>
    17c2:	255e                	lhu	a5,12(a0)
    17c4:	6709                	lui	a4,0x2
    17c6:	8fd9                	or	a5,a5,a4
    17c8:	a55e                	sh	a5,12(a0)
    17ca:	8082                	ret
    17cc:	255a                	lhu	a4,12(a0)
    17ce:	77f9                	lui	a5,0xffffe
    17d0:	17fd                	addi	a5,a5,-1
    17d2:	8ff9                	and	a5,a5,a4
    17d4:	bfd5                	j	17c8 <USART_Cmd+0x8>

000017d6 <USART_SendData>:
    17d6:	1ff5f593          	andi	a1,a1,511
    17da:	a14e                	sh	a1,4(a0)
    17dc:	8082                	ret

000017de <USART_GetFlagStatus>:
    17de:	210a                	lhu	a0,0(a0)
    17e0:	8d6d                	and	a0,a0,a1
    17e2:	00a03533          	snez	a0,a0
    17e6:	8082                	ret

000017e8 <Delay_Init>:
    17e8:	200007b7          	lui	a5,0x20000
    17ec:	0b07a783          	lw	a5,176(a5) # 200000b0 <SystemCoreClock>
    17f0:	007a1737          	lui	a4,0x7a1
    17f4:	20070713          	addi	a4,a4,512 # 7a1200 <_data_lma+0x79e034>
    17f8:	02e7d7b3          	divu	a5,a5,a4
    17fc:	0ff7f793          	andi	a5,a5,255
    1800:	84f18d23          	sb	a5,-1958(gp) # 2000010a <p_us>
    1804:	3e800713          	li	a4,1000
    1808:	02e787b3          	mul	a5,a5,a4
    180c:	84f19c23          	sh	a5,-1960(gp) # 20000108 <p_ms>
    1810:	8082                	ret

00001812 <Delay_Us>:
    1812:	e000f7b7          	lui	a5,0xe000f
    1816:	43d8                	lw	a4,4(a5)
    1818:	4681                	li	a3,0
    181a:	9b79                	andi	a4,a4,-2
    181c:	c3d8                	sw	a4,4(a5)
    181e:	85a1c703          	lbu	a4,-1958(gp) # 2000010a <p_us>
    1822:	02a70633          	mul	a2,a4,a0
    1826:	cb90                	sw	a2,16(a5)
    1828:	cbd4                	sw	a3,20(a5)
    182a:	4398                	lw	a4,0(a5)
    182c:	01076713          	ori	a4,a4,16
    1830:	c398                	sw	a4,0(a5)
    1832:	4398                	lw	a4,0(a5)
    1834:	02176713          	ori	a4,a4,33
    1838:	c398                	sw	a4,0(a5)
    183a:	43d8                	lw	a4,4(a5)
    183c:	8b05                	andi	a4,a4,1
    183e:	df75                	beqz	a4,183a <Delay_Us+0x28>
    1840:	4398                	lw	a4,0(a5)
    1842:	9b79                	andi	a4,a4,-2
    1844:	c398                	sw	a4,0(a5)
    1846:	8082                	ret

00001848 <Delay_Ms>:
    1848:	e000f7b7          	lui	a5,0xe000f
    184c:	43d8                	lw	a4,4(a5)
    184e:	4681                	li	a3,0
    1850:	9b79                	andi	a4,a4,-2
    1852:	c3d8                	sw	a4,4(a5)
    1854:	8581d703          	lhu	a4,-1960(gp) # 20000108 <p_ms>
    1858:	02a70633          	mul	a2,a4,a0
    185c:	cb90                	sw	a2,16(a5)
    185e:	cbd4                	sw	a3,20(a5)
    1860:	4398                	lw	a4,0(a5)
    1862:	01076713          	ori	a4,a4,16
    1866:	c398                	sw	a4,0(a5)
    1868:	4398                	lw	a4,0(a5)
    186a:	02176713          	ori	a4,a4,33
    186e:	c398                	sw	a4,0(a5)
    1870:	43d8                	lw	a4,4(a5)
    1872:	8b05                	andi	a4,a4,1
    1874:	df75                	beqz	a4,1870 <Delay_Ms+0x28>
    1876:	4398                	lw	a4,0(a5)
    1878:	9b79                	andi	a4,a4,-2
    187a:	c398                	sw	a4,0(a5)
    187c:	8082                	ret

0000187e <USART_Printf_Init>:
    187e:	8b3fe2ef          	jal	t0,130 <__riscv_save_0>
    1882:	842a                	mv	s0,a0
    1884:	6511                	lui	a0,0x4
    1886:	1101                	addi	sp,sp,-32
    1888:	4585                	li	a1,1
    188a:	0521                	addi	a0,a0,8
    188c:	3365                	jal	1634 <RCC_APB2PeriphClockCmd>
    188e:	40000793          	li	a5,1024
    1892:	c23e                	sw	a5,4(sp)
    1894:	40011537          	lui	a0,0x40011
    1898:	4785                	li	a5,1
    189a:	c43e                	sw	a5,8(sp)
    189c:	004c                	addi	a1,sp,4
    189e:	47e1                	li	a5,24
    18a0:	c0050513          	addi	a0,a0,-1024 # 40010c00 <_eusrstack+0x2000bc00>
    18a4:	c63e                	sw	a5,12(sp)
    18a6:	affff0ef          	jal	ra,13a4 <GPIO_Init>
    18aa:	c822                	sw	s0,16(sp)
    18ac:	40014437          	lui	s0,0x40014
    18b0:	000807b7          	lui	a5,0x80
    18b4:	080c                	addi	a1,sp,16
    18b6:	80040513          	addi	a0,s0,-2048 # 40013800 <_eusrstack+0x2000e800>
    18ba:	cc3e                	sw	a5,24(sp)
    18bc:	ca02                	sw	zero,20(sp)
    18be:	00011e23          	sh	zero,28(sp)
    18c2:	3d85                	jal	1732 <USART_Init>
    18c4:	4585                	li	a1,1
    18c6:	80040513          	addi	a0,s0,-2048
    18ca:	3ddd                	jal	17c0 <USART_Cmd>
    18cc:	6105                	addi	sp,sp,32
    18ce:	887fe06f          	j	154 <__riscv_restore_0>

000018d2 <_write>:
    18d2:	845fe2ef          	jal	t0,116 <__riscv_save_4>
    18d6:	400144b7          	lui	s1,0x40014
    18da:	89ae                	mv	s3,a1
    18dc:	8932                	mv	s2,a2
    18de:	4401                	li	s0,0
    18e0:	80048493          	addi	s1,s1,-2048 # 40013800 <_eusrstack+0x2000e800>
    18e4:	01244563          	blt	s0,s2,18ee <_write+0x1c>
    18e8:	854a                	mv	a0,s2
    18ea:	861fe06f          	j	14a <__riscv_restore_4>
    18ee:	04000593          	li	a1,64
    18f2:	8526                	mv	a0,s1
    18f4:	35ed                	jal	17de <USART_GetFlagStatus>
    18f6:	dd65                	beqz	a0,18ee <_write+0x1c>
    18f8:	008987b3          	add	a5,s3,s0
    18fc:	00078583          	lb	a1,0(a5) # 80000 <_data_lma+0x7ce34>
    1900:	8526                	mv	a0,s1
    1902:	0405                	addi	s0,s0,1
    1904:	05c2                	slli	a1,a1,0x10
    1906:	81c1                	srli	a1,a1,0x10
    1908:	35f9                	jal	17d6 <USART_SendData>
    190a:	bfe9                	j	18e4 <_write+0x12>

0000190c <_sbrk>:
    190c:	83c18713          	addi	a4,gp,-1988 # 200000ec <curbrk.4453>
    1910:	431c                	lw	a5,0(a4)
    1912:	8f018693          	addi	a3,gp,-1808 # 200001a0 <_ebss>
    1916:	953e                	add	a0,a0,a5
    1918:	00d56b63          	bltu	a0,a3,192e <_sbrk+0x22>
    191c:	200056b7          	lui	a3,0x20005
    1920:	80068693          	addi	a3,a3,-2048 # 20004800 <_heap_end>
    1924:	00a6e563          	bltu	a3,a0,192e <_sbrk+0x22>
    1928:	c308                	sw	a0,0(a4)
    192a:	853e                	mv	a0,a5
    192c:	8082                	ret
    192e:	57fd                	li	a5,-1
    1930:	bfed                	j	192a <_sbrk+0x1e>

00001932 <MUX_INIT>:
    1932:	ffefe2ef          	jal	t0,130 <__riscv_save_0>
    1936:	1141                	addi	sp,sp,-16
    1938:	4585                	li	a1,1
    193a:	4511                	li	a0,4
    193c:	c202                	sw	zero,4(sp)
    193e:	c402                	sw	zero,8(sp)
    1940:	c602                	sw	zero,12(sp)
    1942:	39cd                	jal	1634 <RCC_APB2PeriphClockCmd>
    1944:	479d                	li	a5,7
    1946:	40011437          	lui	s0,0x40011
    194a:	c23e                	sw	a5,4(sp)
    194c:	47c1                	li	a5,16
    194e:	c63e                	sw	a5,12(sp)
    1950:	004c                	addi	a1,sp,4
    1952:	4785                	li	a5,1
    1954:	80040513          	addi	a0,s0,-2048 # 40010800 <_eusrstack+0x2000b800>
    1958:	c43e                	sw	a5,8(sp)
    195a:	a4bff0ef          	jal	ra,13a4 <GPIO_Init>
    195e:	80040513          	addi	a0,s0,-2048
    1962:	4585                	li	a1,1
    1964:	bafff0ef          	jal	ra,1512 <GPIO_SetBits>
    1968:	80040513          	addi	a0,s0,-2048
    196c:	4589                	li	a1,2
    196e:	ba5ff0ef          	jal	ra,1512 <GPIO_SetBits>
    1972:	4591                	li	a1,4
    1974:	80040513          	addi	a0,s0,-2048
    1978:	b9bff0ef          	jal	ra,1512 <GPIO_SetBits>
    197c:	0141                	addi	sp,sp,16
    197e:	fd6fe06f          	j	154 <__riscv_restore_0>

00001982 <MUX_CONF>:
    1982:	faefe2ef          	jal	t0,130 <__riscv_save_0>
    1986:	4785                	li	a5,1
    1988:	4591                	li	a1,4
    198a:	00f51a63          	bne	a0,a5,199e <MUX_CONF+0x1c>
    198e:	40011537          	lui	a0,0x40011
    1992:	80050513          	addi	a0,a0,-2048 # 40010800 <_eusrstack+0x2000b800>
    1996:	b7dff0ef          	jal	ra,1512 <GPIO_SetBits>
    199a:	fbafe06f          	j	154 <__riscv_restore_0>
    199e:	40011537          	lui	a0,0x40011
    19a2:	80050513          	addi	a0,a0,-2048 # 40010800 <_eusrstack+0x2000b800>
    19a6:	b83ff0ef          	jal	ra,1528 <GPIO_ResetBits>
    19aa:	bfc5                	j	199a <MUX_CONF+0x18>

000019ac <LED_INIT>:
    19ac:	f84fe2ef          	jal	t0,130 <__riscv_save_0>
    19b0:	1141                	addi	sp,sp,-16
    19b2:	4585                	li	a1,1
    19b4:	4511                	li	a0,4
    19b6:	c202                	sw	zero,4(sp)
    19b8:	c402                	sw	zero,8(sp)
    19ba:	c602                	sw	zero,12(sp)
    19bc:	c79ff0ef          	jal	ra,1634 <RCC_APB2PeriphClockCmd>
    19c0:	67e1                	lui	a5,0x18
    19c2:	40011437          	lui	s0,0x40011
    19c6:	c23e                	sw	a5,4(sp)
    19c8:	47c1                	li	a5,16
    19ca:	c63e                	sw	a5,12(sp)
    19cc:	004c                	addi	a1,sp,4
    19ce:	4785                	li	a5,1
    19d0:	80040513          	addi	a0,s0,-2048 # 40010800 <_eusrstack+0x2000b800>
    19d4:	c43e                	sw	a5,8(sp)
    19d6:	9cfff0ef          	jal	ra,13a4 <GPIO_Init>
    19da:	80040513          	addi	a0,s0,-2048
    19de:	6589                	lui	a1,0x2
    19e0:	b33ff0ef          	jal	ra,1512 <GPIO_SetBits>
    19e4:	6591                	lui	a1,0x4
    19e6:	80040513          	addi	a0,s0,-2048
    19ea:	b29ff0ef          	jal	ra,1512 <GPIO_SetBits>
    19ee:	0141                	addi	sp,sp,16
    19f0:	f64fe06f          	j	154 <__riscv_restore_0>

000019f4 <LED_TURN>:
    19f4:	f3cfe2ef          	jal	t0,130 <__riscv_save_0>
    19f8:	842e                	mv	s0,a1
    19fa:	6589                	lui	a1,0x2
    19fc:	e10d                	bnez	a0,1a1e <LED_TURN+0x2a>
    19fe:	40011537          	lui	a0,0x40011
    1a02:	80050513          	addi	a0,a0,-2048 # 40010800 <_eusrstack+0x2000b800>
    1a06:	b0dff0ef          	jal	ra,1512 <GPIO_SetBits>
    1a0a:	40011537          	lui	a0,0x40011
    1a0e:	6591                	lui	a1,0x4
    1a10:	80050513          	addi	a0,a0,-2048 # 40010800 <_eusrstack+0x2000b800>
    1a14:	ec01                	bnez	s0,1a2c <LED_TURN+0x38>
    1a16:	afdff0ef          	jal	ra,1512 <GPIO_SetBits>
    1a1a:	f3afe06f          	j	154 <__riscv_restore_0>
    1a1e:	40011537          	lui	a0,0x40011
    1a22:	80050513          	addi	a0,a0,-2048 # 40010800 <_eusrstack+0x2000b800>
    1a26:	b03ff0ef          	jal	ra,1528 <GPIO_ResetBits>
    1a2a:	b7c5                	j	1a0a <LED_TURN+0x16>
    1a2c:	afdff0ef          	jal	ra,1528 <GPIO_ResetBits>
    1a30:	b7ed                	j	1a1a <LED_TURN+0x26>

00001a32 <ADC_Function_Init>:
    1a32:	efefe2ef          	jal	t0,130 <__riscv_save_0>
    1a36:	7179                	addi	sp,sp,-48
    1a38:	02000613          	li	a2,32
    1a3c:	4581                	li	a1,0
    1a3e:	0808                	addi	a0,sp,16
    1a40:	f20fe0ef          	jal	ra,160 <memset>
    1a44:	4585                	li	a1,1
    1a46:	4511                	li	a0,4
    1a48:	c202                	sw	zero,4(sp)
    1a4a:	c402                	sw	zero,8(sp)
    1a4c:	c602                	sw	zero,12(sp)
    1a4e:	be7ff0ef          	jal	ra,1634 <RCC_APB2PeriphClockCmd>
    1a52:	4585                	li	a1,1
    1a54:	20000513          	li	a0,512
    1a58:	bddff0ef          	jal	ra,1634 <RCC_APB2PeriphClockCmd>
    1a5c:	40011537          	lui	a0,0x40011
    1a60:	47a1                	li	a5,8
    1a62:	004c                	addi	a1,sp,4
    1a64:	80050513          	addi	a0,a0,-2048 # 40010800 <_eusrstack+0x2000b800>
    1a68:	40012437          	lui	s0,0x40012
    1a6c:	c23e                	sw	a5,4(sp)
    1a6e:	c602                	sw	zero,12(sp)
    1a70:	935ff0ef          	jal	ra,13a4 <GPIO_Init>
    1a74:	40040513          	addi	a0,s0,1024 # 40012400 <_eusrstack+0x2000d400>
    1a78:	f96ff0ef          	jal	ra,120e <ADC_DeInit>
    1a7c:	40040513          	addi	a0,s0,1024
    1a80:	02500593          	li	a1,37
    1a84:	90bff0ef          	jal	ra,138e <ADC_CLKConfig>
    1a88:	4785                	li	a5,1
    1a8a:	000e0737          	lui	a4,0xe0
    1a8e:	080c                	addi	a1,sp,16
    1a90:	40040513          	addi	a0,s0,1024
    1a94:	cc3e                	sw	a5,24(sp)
    1a96:	ce3a                	sw	a4,28(sp)
    1a98:	02f10223          	sb	a5,36(sp)
    1a9c:	c802                	sw	zero,16(sp)
    1a9e:	ca02                	sw	zero,20(sp)
    1aa0:	d002                	sw	zero,32(sp)
    1aa2:	f92ff0ef          	jal	ra,1234 <ADC_Init>
    1aa6:	40040513          	addi	a0,s0,1024
    1aaa:	4585                	li	a1,1
    1aac:	feeff0ef          	jal	ra,129a <ADC_DMACmd>
    1ab0:	4585                	li	a1,1
    1ab2:	40040513          	addi	a0,s0,1024
    1ab6:	fd4ff0ef          	jal	ra,128a <ADC_Cmd>
    1aba:	6145                	addi	sp,sp,48
    1abc:	e98fe06f          	j	154 <__riscv_restore_0>

00001ac0 <Get_ADC_Val>:
    1ac0:	e70fe2ef          	jal	t0,130 <__riscv_save_0>
    1ac4:	40012437          	lui	s0,0x40012
    1ac8:	85aa                	mv	a1,a0
    1aca:	469d                	li	a3,7
    1acc:	4605                	li	a2,1
    1ace:	40040513          	addi	a0,s0,1024 # 40012400 <_eusrstack+0x2000d400>
    1ad2:	ff2ff0ef          	jal	ra,12c4 <ADC_RegularChannelConfig>
    1ad6:	4585                	li	a1,1
    1ad8:	40040513          	addi	a0,s0,1024
    1adc:	fd0ff0ef          	jal	ra,12ac <ADC_SoftwareStartConvCmd>
    1ae0:	40040493          	addi	s1,s0,1024
    1ae4:	4589                	li	a1,2
    1ae6:	8526                	mv	a0,s1
    1ae8:	89dff0ef          	jal	ra,1384 <ADC_GetFlagStatus>
    1aec:	dd65                	beqz	a0,1ae4 <Get_ADC_Val+0x24>
    1aee:	40040513          	addi	a0,s0,1024
    1af2:	88bff0ef          	jal	ra,137c <ADC_GetConversionValue>
    1af6:	e5efe06f          	j	154 <__riscv_restore_0>

00001afa <memcpy>:
    1afa:	00a5c7b3          	xor	a5,a1,a0
    1afe:	8b8d                	andi	a5,a5,3
    1b00:	00c50733          	add	a4,a0,a2
    1b04:	e781                	bnez	a5,1b0c <memcpy+0x12>
    1b06:	478d                	li	a5,3
    1b08:	00c7ed63          	bltu	a5,a2,1b22 <memcpy+0x28>
    1b0c:	87aa                	mv	a5,a0
    1b0e:	08e57e63          	bgeu	a0,a4,1baa <memcpy+0xb0>
    1b12:	2194                	lbu	a3,0(a1)
    1b14:	0785                	addi	a5,a5,1
    1b16:	0585                	addi	a1,a1,1
    1b18:	fed78fa3          	sb	a3,-1(a5) # 17fff <_data_lma+0x14e33>
    1b1c:	fee7ebe3          	bltu	a5,a4,1b12 <memcpy+0x18>
    1b20:	8082                	ret
    1b22:	00357693          	andi	a3,a0,3
    1b26:	87aa                	mv	a5,a0
    1b28:	ca89                	beqz	a3,1b3a <memcpy+0x40>
    1b2a:	2194                	lbu	a3,0(a1)
    1b2c:	0785                	addi	a5,a5,1
    1b2e:	0585                	addi	a1,a1,1
    1b30:	fed78fa3          	sb	a3,-1(a5)
    1b34:	0037f693          	andi	a3,a5,3
    1b38:	bfc5                	j	1b28 <memcpy+0x2e>
    1b3a:	ffc77693          	andi	a3,a4,-4
    1b3e:	fe068613          	addi	a2,a3,-32
    1b42:	06c7f063          	bgeu	a5,a2,1ba2 <memcpy+0xa8>
    1b46:	0005a383          	lw	t2,0(a1) # 4000 <_data_lma+0xe34>
    1b4a:	0045a283          	lw	t0,4(a1)
    1b4e:	0085af83          	lw	t6,8(a1)
    1b52:	00c5af03          	lw	t5,12(a1)
    1b56:	0105ae83          	lw	t4,16(a1)
    1b5a:	0145ae03          	lw	t3,20(a1)
    1b5e:	0185a303          	lw	t1,24(a1)
    1b62:	01c5a883          	lw	a7,28(a1)
    1b66:	02458593          	addi	a1,a1,36
    1b6a:	0077a023          	sw	t2,0(a5)
    1b6e:	ffc5a803          	lw	a6,-4(a1)
    1b72:	0057a223          	sw	t0,4(a5)
    1b76:	01f7a423          	sw	t6,8(a5)
    1b7a:	01e7a623          	sw	t5,12(a5)
    1b7e:	01d7a823          	sw	t4,16(a5)
    1b82:	01c7aa23          	sw	t3,20(a5)
    1b86:	0067ac23          	sw	t1,24(a5)
    1b8a:	0117ae23          	sw	a7,28(a5)
    1b8e:	02478793          	addi	a5,a5,36
    1b92:	ff07ae23          	sw	a6,-4(a5)
    1b96:	b775                	j	1b42 <memcpy+0x48>
    1b98:	4190                	lw	a2,0(a1)
    1b9a:	0791                	addi	a5,a5,4
    1b9c:	0591                	addi	a1,a1,4
    1b9e:	fec7ae23          	sw	a2,-4(a5)
    1ba2:	fed7ebe3          	bltu	a5,a3,1b98 <memcpy+0x9e>
    1ba6:	f6e7e6e3          	bltu	a5,a4,1b12 <memcpy+0x18>
    1baa:	8082                	ret

00001bac <iprintf>:
    1bac:	7139                	addi	sp,sp,-64
    1bae:	da3e                	sw	a5,52(sp)
    1bb0:	d22e                	sw	a1,36(sp)
    1bb2:	d432                	sw	a2,40(sp)
    1bb4:	d636                	sw	a3,44(sp)
    1bb6:	d83a                	sw	a4,48(sp)
    1bb8:	dc42                	sw	a6,56(sp)
    1bba:	de46                	sw	a7,60(sp)
    1bbc:	84018793          	addi	a5,gp,-1984 # 200000f0 <_impure_ptr>
    1bc0:	cc22                	sw	s0,24(sp)
    1bc2:	4380                	lw	s0,0(a5)
    1bc4:	ca26                	sw	s1,20(sp)
    1bc6:	ce06                	sw	ra,28(sp)
    1bc8:	84aa                	mv	s1,a0
    1bca:	c409                	beqz	s0,1bd4 <iprintf+0x28>
    1bcc:	4c1c                	lw	a5,24(s0)
    1bce:	e399                	bnez	a5,1bd4 <iprintf+0x28>
    1bd0:	8522                	mv	a0,s0
    1bd2:	29ed                	jal	20cc <__sinit>
    1bd4:	440c                	lw	a1,8(s0)
    1bd6:	1054                	addi	a3,sp,36
    1bd8:	8626                	mv	a2,s1
    1bda:	8522                	mv	a0,s0
    1bdc:	c636                	sw	a3,12(sp)
    1bde:	127000ef          	jal	ra,2504 <_vfiprintf_r>
    1be2:	40f2                	lw	ra,28(sp)
    1be4:	4462                	lw	s0,24(sp)
    1be6:	44d2                	lw	s1,20(sp)
    1be8:	6121                	addi	sp,sp,64
    1bea:	8082                	ret

00001bec <_puts_r>:
    1bec:	1101                	addi	sp,sp,-32
    1bee:	ca26                	sw	s1,20(sp)
    1bf0:	c84a                	sw	s2,16(sp)
    1bf2:	ce06                	sw	ra,28(sp)
    1bf4:	cc22                	sw	s0,24(sp)
    1bf6:	c64e                	sw	s3,12(sp)
    1bf8:	c452                	sw	s4,8(sp)
    1bfa:	84aa                	mv	s1,a0
    1bfc:	892e                	mv	s2,a1
    1bfe:	c501                	beqz	a0,1c06 <_puts_r+0x1a>
    1c00:	4d1c                	lw	a5,24(a0)
    1c02:	e391                	bnez	a5,1c06 <_puts_r+0x1a>
    1c04:	21e1                	jal	20cc <__sinit>
    1c06:	4c9c                	lw	a5,24(s1)
    1c08:	4480                	lw	s0,8(s1)
    1c0a:	e399                	bnez	a5,1c10 <_puts_r+0x24>
    1c0c:	8526                	mv	a0,s1
    1c0e:	297d                	jal	20cc <__sinit>
    1c10:	00001797          	auipc	a5,0x1
    1c14:	54078793          	addi	a5,a5,1344 # 3150 <__sf_fake_stdin>
    1c18:	02f41b63          	bne	s0,a5,1c4e <_puts_r+0x62>
    1c1c:	40c0                	lw	s0,4(s1)
    1c1e:	245e                	lhu	a5,12(s0)
    1c20:	8ba1                	andi	a5,a5,8
    1c22:	c7b1                	beqz	a5,1c6e <_puts_r+0x82>
    1c24:	481c                	lw	a5,16(s0)
    1c26:	c7a1                	beqz	a5,1c6e <_puts_r+0x82>
    1c28:	59fd                	li	s3,-1
    1c2a:	4a29                	li	s4,10
    1c2c:	441c                	lw	a5,8(s0)
    1c2e:	00094583          	lbu	a1,0(s2)
    1c32:	17fd                	addi	a5,a5,-1
    1c34:	e9b1                	bnez	a1,1c88 <_puts_r+0x9c>
    1c36:	c41c                	sw	a5,8(s0)
    1c38:	0607dd63          	bgez	a5,1cb2 <_puts_r+0xc6>
    1c3c:	8622                	mv	a2,s0
    1c3e:	45a9                	li	a1,10
    1c40:	8526                	mv	a0,s1
    1c42:	2061                	jal	1cca <__swbuf_r>
    1c44:	57fd                	li	a5,-1
    1c46:	02f50863          	beq	a0,a5,1c76 <_puts_r+0x8a>
    1c4a:	4529                	li	a0,10
    1c4c:	a035                	j	1c78 <_puts_r+0x8c>
    1c4e:	00001797          	auipc	a5,0x1
    1c52:	52278793          	addi	a5,a5,1314 # 3170 <__sf_fake_stdout>
    1c56:	00f41463          	bne	s0,a5,1c5e <_puts_r+0x72>
    1c5a:	4480                	lw	s0,8(s1)
    1c5c:	b7c9                	j	1c1e <_puts_r+0x32>
    1c5e:	00001797          	auipc	a5,0x1
    1c62:	4d278793          	addi	a5,a5,1234 # 3130 <__sf_fake_stderr>
    1c66:	faf41ce3          	bne	s0,a5,1c1e <_puts_r+0x32>
    1c6a:	44c0                	lw	s0,12(s1)
    1c6c:	bf4d                	j	1c1e <_puts_r+0x32>
    1c6e:	85a2                	mv	a1,s0
    1c70:	8526                	mv	a0,s1
    1c72:	2a11                	jal	1d86 <__swsetup_r>
    1c74:	d955                	beqz	a0,1c28 <_puts_r+0x3c>
    1c76:	557d                	li	a0,-1
    1c78:	40f2                	lw	ra,28(sp)
    1c7a:	4462                	lw	s0,24(sp)
    1c7c:	44d2                	lw	s1,20(sp)
    1c7e:	4942                	lw	s2,16(sp)
    1c80:	49b2                	lw	s3,12(sp)
    1c82:	4a22                	lw	s4,8(sp)
    1c84:	6105                	addi	sp,sp,32
    1c86:	8082                	ret
    1c88:	c41c                	sw	a5,8(s0)
    1c8a:	0905                	addi	s2,s2,1
    1c8c:	0007d763          	bgez	a5,1c9a <_puts_r+0xae>
    1c90:	4c18                	lw	a4,24(s0)
    1c92:	00e7ca63          	blt	a5,a4,1ca6 <_puts_r+0xba>
    1c96:	01458863          	beq	a1,s4,1ca6 <_puts_r+0xba>
    1c9a:	401c                	lw	a5,0(s0)
    1c9c:	00178713          	addi	a4,a5,1
    1ca0:	c018                	sw	a4,0(s0)
    1ca2:	a38c                	sb	a1,0(a5)
    1ca4:	b761                	j	1c2c <_puts_r+0x40>
    1ca6:	8622                	mv	a2,s0
    1ca8:	8526                	mv	a0,s1
    1caa:	2005                	jal	1cca <__swbuf_r>
    1cac:	f93510e3          	bne	a0,s3,1c2c <_puts_r+0x40>
    1cb0:	b7d9                	j	1c76 <_puts_r+0x8a>
    1cb2:	401c                	lw	a5,0(s0)
    1cb4:	00178713          	addi	a4,a5,1
    1cb8:	c018                	sw	a4,0(s0)
    1cba:	4729                	li	a4,10
    1cbc:	a398                	sb	a4,0(a5)
    1cbe:	b771                	j	1c4a <_puts_r+0x5e>

00001cc0 <puts>:
    1cc0:	84018793          	addi	a5,gp,-1984 # 200000f0 <_impure_ptr>
    1cc4:	85aa                	mv	a1,a0
    1cc6:	4388                	lw	a0,0(a5)
    1cc8:	b715                	j	1bec <_puts_r>

00001cca <__swbuf_r>:
    1cca:	1101                	addi	sp,sp,-32
    1ccc:	cc22                	sw	s0,24(sp)
    1cce:	ca26                	sw	s1,20(sp)
    1cd0:	c84a                	sw	s2,16(sp)
    1cd2:	ce06                	sw	ra,28(sp)
    1cd4:	c64e                	sw	s3,12(sp)
    1cd6:	84aa                	mv	s1,a0
    1cd8:	892e                	mv	s2,a1
    1cda:	8432                	mv	s0,a2
    1cdc:	c501                	beqz	a0,1ce4 <__swbuf_r+0x1a>
    1cde:	4d1c                	lw	a5,24(a0)
    1ce0:	e391                	bnez	a5,1ce4 <__swbuf_r+0x1a>
    1ce2:	26ed                	jal	20cc <__sinit>
    1ce4:	00001797          	auipc	a5,0x1
    1ce8:	46c78793          	addi	a5,a5,1132 # 3150 <__sf_fake_stdin>
    1cec:	06f41763          	bne	s0,a5,1d5a <__swbuf_r+0x90>
    1cf0:	40c0                	lw	s0,4(s1)
    1cf2:	4c1c                	lw	a5,24(s0)
    1cf4:	c41c                	sw	a5,8(s0)
    1cf6:	245e                	lhu	a5,12(s0)
    1cf8:	8ba1                	andi	a5,a5,8
    1cfa:	c3c1                	beqz	a5,1d7a <__swbuf_r+0xb0>
    1cfc:	481c                	lw	a5,16(s0)
    1cfe:	cfb5                	beqz	a5,1d7a <__swbuf_r+0xb0>
    1d00:	481c                	lw	a5,16(s0)
    1d02:	4008                	lw	a0,0(s0)
    1d04:	0ff97993          	andi	s3,s2,255
    1d08:	0ff97913          	andi	s2,s2,255
    1d0c:	8d1d                	sub	a0,a0,a5
    1d0e:	485c                	lw	a5,20(s0)
    1d10:	00f54663          	blt	a0,a5,1d1c <__swbuf_r+0x52>
    1d14:	85a2                	mv	a1,s0
    1d16:	8526                	mv	a0,s1
    1d18:	2c69                	jal	1fb2 <_fflush_r>
    1d1a:	e525                	bnez	a0,1d82 <__swbuf_r+0xb8>
    1d1c:	441c                	lw	a5,8(s0)
    1d1e:	0505                	addi	a0,a0,1
    1d20:	17fd                	addi	a5,a5,-1
    1d22:	c41c                	sw	a5,8(s0)
    1d24:	401c                	lw	a5,0(s0)
    1d26:	00178713          	addi	a4,a5,1
    1d2a:	c018                	sw	a4,0(s0)
    1d2c:	01378023          	sb	s3,0(a5)
    1d30:	485c                	lw	a5,20(s0)
    1d32:	00a78863          	beq	a5,a0,1d42 <__swbuf_r+0x78>
    1d36:	245e                	lhu	a5,12(s0)
    1d38:	8b85                	andi	a5,a5,1
    1d3a:	cb81                	beqz	a5,1d4a <__swbuf_r+0x80>
    1d3c:	47a9                	li	a5,10
    1d3e:	00f91663          	bne	s2,a5,1d4a <__swbuf_r+0x80>
    1d42:	85a2                	mv	a1,s0
    1d44:	8526                	mv	a0,s1
    1d46:	24b5                	jal	1fb2 <_fflush_r>
    1d48:	ed0d                	bnez	a0,1d82 <__swbuf_r+0xb8>
    1d4a:	40f2                	lw	ra,28(sp)
    1d4c:	4462                	lw	s0,24(sp)
    1d4e:	854a                	mv	a0,s2
    1d50:	44d2                	lw	s1,20(sp)
    1d52:	4942                	lw	s2,16(sp)
    1d54:	49b2                	lw	s3,12(sp)
    1d56:	6105                	addi	sp,sp,32
    1d58:	8082                	ret
    1d5a:	00001797          	auipc	a5,0x1
    1d5e:	41678793          	addi	a5,a5,1046 # 3170 <__sf_fake_stdout>
    1d62:	00f41463          	bne	s0,a5,1d6a <__swbuf_r+0xa0>
    1d66:	4480                	lw	s0,8(s1)
    1d68:	b769                	j	1cf2 <__swbuf_r+0x28>
    1d6a:	00001797          	auipc	a5,0x1
    1d6e:	3c678793          	addi	a5,a5,966 # 3130 <__sf_fake_stderr>
    1d72:	f8f410e3          	bne	s0,a5,1cf2 <__swbuf_r+0x28>
    1d76:	44c0                	lw	s0,12(s1)
    1d78:	bfad                	j	1cf2 <__swbuf_r+0x28>
    1d7a:	85a2                	mv	a1,s0
    1d7c:	8526                	mv	a0,s1
    1d7e:	2021                	jal	1d86 <__swsetup_r>
    1d80:	d141                	beqz	a0,1d00 <__swbuf_r+0x36>
    1d82:	597d                	li	s2,-1
    1d84:	b7d9                	j	1d4a <__swbuf_r+0x80>

00001d86 <__swsetup_r>:
    1d86:	1141                	addi	sp,sp,-16
    1d88:	84018793          	addi	a5,gp,-1984 # 200000f0 <_impure_ptr>
    1d8c:	c226                	sw	s1,4(sp)
    1d8e:	4384                	lw	s1,0(a5)
    1d90:	c422                	sw	s0,8(sp)
    1d92:	c04a                	sw	s2,0(sp)
    1d94:	c606                	sw	ra,12(sp)
    1d96:	892a                	mv	s2,a0
    1d98:	842e                	mv	s0,a1
    1d9a:	c489                	beqz	s1,1da4 <__swsetup_r+0x1e>
    1d9c:	4c9c                	lw	a5,24(s1)
    1d9e:	e399                	bnez	a5,1da4 <__swsetup_r+0x1e>
    1da0:	8526                	mv	a0,s1
    1da2:	262d                	jal	20cc <__sinit>
    1da4:	00001797          	auipc	a5,0x1
    1da8:	3ac78793          	addi	a5,a5,940 # 3150 <__sf_fake_stdin>
    1dac:	02f41b63          	bne	s0,a5,1de2 <__swsetup_r+0x5c>
    1db0:	40c0                	lw	s0,4(s1)
    1db2:	00c41703          	lh	a4,12(s0)
    1db6:	01071793          	slli	a5,a4,0x10
    1dba:	83c1                	srli	a5,a5,0x10
    1dbc:	0087f693          	andi	a3,a5,8
    1dc0:	eaad                	bnez	a3,1e32 <__swsetup_r+0xac>
    1dc2:	0107f693          	andi	a3,a5,16
    1dc6:	ee95                	bnez	a3,1e02 <__swsetup_r+0x7c>
    1dc8:	47a5                	li	a5,9
    1dca:	00f92023          	sw	a5,0(s2)
    1dce:	04076713          	ori	a4,a4,64
    1dd2:	a45a                	sh	a4,12(s0)
    1dd4:	557d                	li	a0,-1
    1dd6:	40b2                	lw	ra,12(sp)
    1dd8:	4422                	lw	s0,8(sp)
    1dda:	4492                	lw	s1,4(sp)
    1ddc:	4902                	lw	s2,0(sp)
    1dde:	0141                	addi	sp,sp,16
    1de0:	8082                	ret
    1de2:	00001797          	auipc	a5,0x1
    1de6:	38e78793          	addi	a5,a5,910 # 3170 <__sf_fake_stdout>
    1dea:	00f41463          	bne	s0,a5,1df2 <__swsetup_r+0x6c>
    1dee:	4480                	lw	s0,8(s1)
    1df0:	b7c9                	j	1db2 <__swsetup_r+0x2c>
    1df2:	00001797          	auipc	a5,0x1
    1df6:	33e78793          	addi	a5,a5,830 # 3130 <__sf_fake_stderr>
    1dfa:	faf41ce3          	bne	s0,a5,1db2 <__swsetup_r+0x2c>
    1dfe:	44c0                	lw	s0,12(s1)
    1e00:	bf4d                	j	1db2 <__swsetup_r+0x2c>
    1e02:	8b91                	andi	a5,a5,4
    1e04:	c39d                	beqz	a5,1e2a <__swsetup_r+0xa4>
    1e06:	584c                	lw	a1,52(s0)
    1e08:	c989                	beqz	a1,1e1a <__swsetup_r+0x94>
    1e0a:	04440793          	addi	a5,s0,68
    1e0e:	00f58463          	beq	a1,a5,1e16 <__swsetup_r+0x90>
    1e12:	854a                	mv	a0,s2
    1e14:	2331                	jal	2320 <_free_r>
    1e16:	02042a23          	sw	zero,52(s0)
    1e1a:	245e                	lhu	a5,12(s0)
    1e1c:	00042223          	sw	zero,4(s0)
    1e20:	fdb7f793          	andi	a5,a5,-37
    1e24:	a45e                	sh	a5,12(s0)
    1e26:	481c                	lw	a5,16(s0)
    1e28:	c01c                	sw	a5,0(s0)
    1e2a:	245e                	lhu	a5,12(s0)
    1e2c:	0087e793          	ori	a5,a5,8
    1e30:	a45e                	sh	a5,12(s0)
    1e32:	481c                	lw	a5,16(s0)
    1e34:	eb99                	bnez	a5,1e4a <__swsetup_r+0xc4>
    1e36:	245e                	lhu	a5,12(s0)
    1e38:	20000713          	li	a4,512
    1e3c:	2807f793          	andi	a5,a5,640
    1e40:	00e78563          	beq	a5,a4,1e4a <__swsetup_r+0xc4>
    1e44:	85a2                	mv	a1,s0
    1e46:	854a                	mv	a0,s2
    1e48:	21a1                	jal	2290 <__smakebuf_r>
    1e4a:	245e                	lhu	a5,12(s0)
    1e4c:	0017f713          	andi	a4,a5,1
    1e50:	c31d                	beqz	a4,1e76 <__swsetup_r+0xf0>
    1e52:	485c                	lw	a5,20(s0)
    1e54:	00042423          	sw	zero,8(s0)
    1e58:	40f007b3          	neg	a5,a5
    1e5c:	cc1c                	sw	a5,24(s0)
    1e5e:	481c                	lw	a5,16(s0)
    1e60:	4501                	li	a0,0
    1e62:	fbb5                	bnez	a5,1dd6 <__swsetup_r+0x50>
    1e64:	00c41783          	lh	a5,12(s0)
    1e68:	0807f713          	andi	a4,a5,128
    1e6c:	d72d                	beqz	a4,1dd6 <__swsetup_r+0x50>
    1e6e:	0407e793          	ori	a5,a5,64
    1e72:	a45e                	sh	a5,12(s0)
    1e74:	b785                	j	1dd4 <__swsetup_r+0x4e>
    1e76:	8b89                	andi	a5,a5,2
    1e78:	4701                	li	a4,0
    1e7a:	e391                	bnez	a5,1e7e <__swsetup_r+0xf8>
    1e7c:	4858                	lw	a4,20(s0)
    1e7e:	c418                	sw	a4,8(s0)
    1e80:	bff9                	j	1e5e <__swsetup_r+0xd8>

00001e82 <__sflush_r>:
    1e82:	25de                	lhu	a5,12(a1)
    1e84:	1101                	addi	sp,sp,-32
    1e86:	cc22                	sw	s0,24(sp)
    1e88:	ca26                	sw	s1,20(sp)
    1e8a:	ce06                	sw	ra,28(sp)
    1e8c:	c84a                	sw	s2,16(sp)
    1e8e:	c64e                	sw	s3,12(sp)
    1e90:	0087f713          	andi	a4,a5,8
    1e94:	84aa                	mv	s1,a0
    1e96:	842e                	mv	s0,a1
    1e98:	eb79                	bnez	a4,1f6e <__sflush_r+0xec>
    1e9a:	41d8                	lw	a4,4(a1)
    1e9c:	00e04d63          	bgtz	a4,1eb6 <__sflush_r+0x34>
    1ea0:	41b8                	lw	a4,64(a1)
    1ea2:	00e04a63          	bgtz	a4,1eb6 <__sflush_r+0x34>
    1ea6:	4501                	li	a0,0
    1ea8:	40f2                	lw	ra,28(sp)
    1eaa:	4462                	lw	s0,24(sp)
    1eac:	44d2                	lw	s1,20(sp)
    1eae:	4942                	lw	s2,16(sp)
    1eb0:	49b2                	lw	s3,12(sp)
    1eb2:	6105                	addi	sp,sp,32
    1eb4:	8082                	ret
    1eb6:	5458                	lw	a4,44(s0)
    1eb8:	d77d                	beqz	a4,1ea6 <__sflush_r+0x24>
    1eba:	0004a903          	lw	s2,0(s1)
    1ebe:	01379693          	slli	a3,a5,0x13
    1ec2:	0004a023          	sw	zero,0(s1)
    1ec6:	0606db63          	bgez	a3,1f3c <__sflush_r+0xba>
    1eca:	4870                	lw	a2,84(s0)
    1ecc:	245e                	lhu	a5,12(s0)
    1ece:	8b91                	andi	a5,a5,4
    1ed0:	c799                	beqz	a5,1ede <__sflush_r+0x5c>
    1ed2:	405c                	lw	a5,4(s0)
    1ed4:	8e1d                	sub	a2,a2,a5
    1ed6:	585c                	lw	a5,52(s0)
    1ed8:	c399                	beqz	a5,1ede <__sflush_r+0x5c>
    1eda:	403c                	lw	a5,64(s0)
    1edc:	8e1d                	sub	a2,a2,a5
    1ede:	545c                	lw	a5,44(s0)
    1ee0:	500c                	lw	a1,32(s0)
    1ee2:	4681                	li	a3,0
    1ee4:	8526                	mv	a0,s1
    1ee6:	9782                	jalr	a5
    1ee8:	57fd                	li	a5,-1
    1eea:	245a                	lhu	a4,12(s0)
    1eec:	00f51d63          	bne	a0,a5,1f06 <__sflush_r+0x84>
    1ef0:	4094                	lw	a3,0(s1)
    1ef2:	47f5                	li	a5,29
    1ef4:	06d7e863          	bltu	a5,a3,1f64 <__sflush_r+0xe2>
    1ef8:	204007b7          	lui	a5,0x20400
    1efc:	0785                	addi	a5,a5,1
    1efe:	00d7d7b3          	srl	a5,a5,a3
    1f02:	8b85                	andi	a5,a5,1
    1f04:	c3a5                	beqz	a5,1f64 <__sflush_r+0xe2>
    1f06:	481c                	lw	a5,16(s0)
    1f08:	00042223          	sw	zero,4(s0)
    1f0c:	c01c                	sw	a5,0(s0)
    1f0e:	01371793          	slli	a5,a4,0x13
    1f12:	0007d863          	bgez	a5,1f22 <__sflush_r+0xa0>
    1f16:	57fd                	li	a5,-1
    1f18:	00f51463          	bne	a0,a5,1f20 <__sflush_r+0x9e>
    1f1c:	409c                	lw	a5,0(s1)
    1f1e:	e391                	bnez	a5,1f22 <__sflush_r+0xa0>
    1f20:	c868                	sw	a0,84(s0)
    1f22:	584c                	lw	a1,52(s0)
    1f24:	0124a023          	sw	s2,0(s1)
    1f28:	ddbd                	beqz	a1,1ea6 <__sflush_r+0x24>
    1f2a:	04440793          	addi	a5,s0,68
    1f2e:	00f58463          	beq	a1,a5,1f36 <__sflush_r+0xb4>
    1f32:	8526                	mv	a0,s1
    1f34:	26f5                	jal	2320 <_free_r>
    1f36:	02042a23          	sw	zero,52(s0)
    1f3a:	b7b5                	j	1ea6 <__sflush_r+0x24>
    1f3c:	500c                	lw	a1,32(s0)
    1f3e:	4601                	li	a2,0
    1f40:	4685                	li	a3,1
    1f42:	8526                	mv	a0,s1
    1f44:	9702                	jalr	a4
    1f46:	57fd                	li	a5,-1
    1f48:	862a                	mv	a2,a0
    1f4a:	f8f511e3          	bne	a0,a5,1ecc <__sflush_r+0x4a>
    1f4e:	409c                	lw	a5,0(s1)
    1f50:	dfb5                	beqz	a5,1ecc <__sflush_r+0x4a>
    1f52:	4775                	li	a4,29
    1f54:	00e78563          	beq	a5,a4,1f5e <__sflush_r+0xdc>
    1f58:	4759                	li	a4,22
    1f5a:	04e79363          	bne	a5,a4,1fa0 <__sflush_r+0x11e>
    1f5e:	0124a023          	sw	s2,0(s1)
    1f62:	b791                	j	1ea6 <__sflush_r+0x24>
    1f64:	04076713          	ori	a4,a4,64
    1f68:	a45a                	sh	a4,12(s0)
    1f6a:	557d                	li	a0,-1
    1f6c:	bf35                	j	1ea8 <__sflush_r+0x26>
    1f6e:	0105a983          	lw	s3,16(a1)
    1f72:	f2098ae3          	beqz	s3,1ea6 <__sflush_r+0x24>
    1f76:	0005a903          	lw	s2,0(a1)
    1f7a:	8b8d                	andi	a5,a5,3
    1f7c:	0135a023          	sw	s3,0(a1)
    1f80:	41390933          	sub	s2,s2,s3
    1f84:	4701                	li	a4,0
    1f86:	e391                	bnez	a5,1f8a <__sflush_r+0x108>
    1f88:	49d8                	lw	a4,20(a1)
    1f8a:	c418                	sw	a4,8(s0)
    1f8c:	f1205de3          	blez	s2,1ea6 <__sflush_r+0x24>
    1f90:	541c                	lw	a5,40(s0)
    1f92:	500c                	lw	a1,32(s0)
    1f94:	86ca                	mv	a3,s2
    1f96:	864e                	mv	a2,s3
    1f98:	8526                	mv	a0,s1
    1f9a:	9782                	jalr	a5
    1f9c:	00a04763          	bgtz	a0,1faa <__sflush_r+0x128>
    1fa0:	245e                	lhu	a5,12(s0)
    1fa2:	0407e793          	ori	a5,a5,64
    1fa6:	a45e                	sh	a5,12(s0)
    1fa8:	b7c9                	j	1f6a <__sflush_r+0xe8>
    1faa:	99aa                	add	s3,s3,a0
    1fac:	40a90933          	sub	s2,s2,a0
    1fb0:	bff1                	j	1f8c <__sflush_r+0x10a>

00001fb2 <_fflush_r>:
    1fb2:	499c                	lw	a5,16(a1)
    1fb4:	cfb9                	beqz	a5,2012 <_fflush_r+0x60>
    1fb6:	1101                	addi	sp,sp,-32
    1fb8:	cc22                	sw	s0,24(sp)
    1fba:	ce06                	sw	ra,28(sp)
    1fbc:	842a                	mv	s0,a0
    1fbe:	c511                	beqz	a0,1fca <_fflush_r+0x18>
    1fc0:	4d1c                	lw	a5,24(a0)
    1fc2:	e781                	bnez	a5,1fca <_fflush_r+0x18>
    1fc4:	c62e                	sw	a1,12(sp)
    1fc6:	2219                	jal	20cc <__sinit>
    1fc8:	45b2                	lw	a1,12(sp)
    1fca:	00001797          	auipc	a5,0x1
    1fce:	18678793          	addi	a5,a5,390 # 3150 <__sf_fake_stdin>
    1fd2:	00f59b63          	bne	a1,a5,1fe8 <_fflush_r+0x36>
    1fd6:	404c                	lw	a1,4(s0)
    1fd8:	00c59783          	lh	a5,12(a1)
    1fdc:	c795                	beqz	a5,2008 <_fflush_r+0x56>
    1fde:	8522                	mv	a0,s0
    1fe0:	4462                	lw	s0,24(sp)
    1fe2:	40f2                	lw	ra,28(sp)
    1fe4:	6105                	addi	sp,sp,32
    1fe6:	bd71                	j	1e82 <__sflush_r>
    1fe8:	00001797          	auipc	a5,0x1
    1fec:	18878793          	addi	a5,a5,392 # 3170 <__sf_fake_stdout>
    1ff0:	00f59463          	bne	a1,a5,1ff8 <_fflush_r+0x46>
    1ff4:	440c                	lw	a1,8(s0)
    1ff6:	b7cd                	j	1fd8 <_fflush_r+0x26>
    1ff8:	00001797          	auipc	a5,0x1
    1ffc:	13878793          	addi	a5,a5,312 # 3130 <__sf_fake_stderr>
    2000:	fcf59ce3          	bne	a1,a5,1fd8 <_fflush_r+0x26>
    2004:	444c                	lw	a1,12(s0)
    2006:	bfc9                	j	1fd8 <_fflush_r+0x26>
    2008:	40f2                	lw	ra,28(sp)
    200a:	4462                	lw	s0,24(sp)
    200c:	4501                	li	a0,0
    200e:	6105                	addi	sp,sp,32
    2010:	8082                	ret
    2012:	4501                	li	a0,0
    2014:	8082                	ret

00002016 <std>:
    2016:	1141                	addi	sp,sp,-16
    2018:	c422                	sw	s0,8(sp)
    201a:	c606                	sw	ra,12(sp)
    201c:	842a                	mv	s0,a0
    201e:	a54e                	sh	a1,12(a0)
    2020:	a572                	sh	a2,14(a0)
    2022:	00052023          	sw	zero,0(a0)
    2026:	00052223          	sw	zero,4(a0)
    202a:	00052423          	sw	zero,8(a0)
    202e:	06052223          	sw	zero,100(a0)
    2032:	00052823          	sw	zero,16(a0)
    2036:	00052a23          	sw	zero,20(a0)
    203a:	00052c23          	sw	zero,24(a0)
    203e:	4621                	li	a2,8
    2040:	4581                	li	a1,0
    2042:	05c50513          	addi	a0,a0,92
    2046:	91afe0ef          	jal	ra,160 <memset>
    204a:	00001797          	auipc	a5,0x1
    204e:	b1878793          	addi	a5,a5,-1256 # 2b62 <__sread>
    2052:	d05c                	sw	a5,36(s0)
    2054:	00001797          	auipc	a5,0x1
    2058:	b3a78793          	addi	a5,a5,-1222 # 2b8e <__swrite>
    205c:	d41c                	sw	a5,40(s0)
    205e:	00001797          	auipc	a5,0x1
    2062:	b7878793          	addi	a5,a5,-1160 # 2bd6 <__sseek>
    2066:	d45c                	sw	a5,44(s0)
    2068:	00001797          	auipc	a5,0x1
    206c:	b9e78793          	addi	a5,a5,-1122 # 2c06 <__sclose>
    2070:	d000                	sw	s0,32(s0)
    2072:	d81c                	sw	a5,48(s0)
    2074:	40b2                	lw	ra,12(sp)
    2076:	4422                	lw	s0,8(sp)
    2078:	0141                	addi	sp,sp,16
    207a:	8082                	ret

0000207c <_cleanup_r>:
    207c:	00000597          	auipc	a1,0x0
    2080:	f3658593          	addi	a1,a1,-202 # 1fb2 <_fflush_r>
    2084:	a2a9                	j	21ce <_fwalk_reent>

00002086 <__sfmoreglue>:
    2086:	1141                	addi	sp,sp,-16
    2088:	c226                	sw	s1,4(sp)
    208a:	06800613          	li	a2,104
    208e:	fff58493          	addi	s1,a1,-1
    2092:	02c484b3          	mul	s1,s1,a2
    2096:	c04a                	sw	s2,0(sp)
    2098:	892e                	mv	s2,a1
    209a:	c422                	sw	s0,8(sp)
    209c:	c606                	sw	ra,12(sp)
    209e:	07448593          	addi	a1,s1,116
    20a2:	261d                	jal	23c8 <_malloc_r>
    20a4:	842a                	mv	s0,a0
    20a6:	cd01                	beqz	a0,20be <__sfmoreglue+0x38>
    20a8:	00052023          	sw	zero,0(a0)
    20ac:	01252223          	sw	s2,4(a0)
    20b0:	0531                	addi	a0,a0,12
    20b2:	c408                	sw	a0,8(s0)
    20b4:	06848613          	addi	a2,s1,104
    20b8:	4581                	li	a1,0
    20ba:	8a6fe0ef          	jal	ra,160 <memset>
    20be:	8522                	mv	a0,s0
    20c0:	40b2                	lw	ra,12(sp)
    20c2:	4422                	lw	s0,8(sp)
    20c4:	4492                	lw	s1,4(sp)
    20c6:	4902                	lw	s2,0(sp)
    20c8:	0141                	addi	sp,sp,16
    20ca:	8082                	ret

000020cc <__sinit>:
    20cc:	4d1c                	lw	a5,24(a0)
    20ce:	e3ad                	bnez	a5,2130 <__sinit+0x64>
    20d0:	1141                	addi	sp,sp,-16
    20d2:	c606                	sw	ra,12(sp)
    20d4:	c422                	sw	s0,8(sp)
    20d6:	00000797          	auipc	a5,0x0
    20da:	fa678793          	addi	a5,a5,-90 # 207c <_cleanup_r>
    20de:	d51c                	sw	a5,40(a0)
    20e0:	84418793          	addi	a5,gp,-1980 # 200000f4 <_global_impure_ptr>
    20e4:	439c                	lw	a5,0(a5)
    20e6:	04052423          	sw	zero,72(a0)
    20ea:	04052623          	sw	zero,76(a0)
    20ee:	04052823          	sw	zero,80(a0)
    20f2:	00f51463          	bne	a0,a5,20fa <__sinit+0x2e>
    20f6:	4785                	li	a5,1
    20f8:	cd1c                	sw	a5,24(a0)
    20fa:	842a                	mv	s0,a0
    20fc:	281d                	jal	2132 <__sfp>
    20fe:	c048                	sw	a0,4(s0)
    2100:	8522                	mv	a0,s0
    2102:	2805                	jal	2132 <__sfp>
    2104:	c408                	sw	a0,8(s0)
    2106:	8522                	mv	a0,s0
    2108:	202d                	jal	2132 <__sfp>
    210a:	c448                	sw	a0,12(s0)
    210c:	4048                	lw	a0,4(s0)
    210e:	4601                	li	a2,0
    2110:	4591                	li	a1,4
    2112:	3711                	jal	2016 <std>
    2114:	4408                	lw	a0,8(s0)
    2116:	4605                	li	a2,1
    2118:	45a5                	li	a1,9
    211a:	3df5                	jal	2016 <std>
    211c:	4448                	lw	a0,12(s0)
    211e:	4609                	li	a2,2
    2120:	45c9                	li	a1,18
    2122:	3dd5                	jal	2016 <std>
    2124:	4785                	li	a5,1
    2126:	cc1c                	sw	a5,24(s0)
    2128:	40b2                	lw	ra,12(sp)
    212a:	4422                	lw	s0,8(sp)
    212c:	0141                	addi	sp,sp,16
    212e:	8082                	ret
    2130:	8082                	ret

00002132 <__sfp>:
    2132:	1141                	addi	sp,sp,-16
    2134:	84418793          	addi	a5,gp,-1980 # 200000f4 <_global_impure_ptr>
    2138:	c226                	sw	s1,4(sp)
    213a:	4384                	lw	s1,0(a5)
    213c:	c04a                	sw	s2,0(sp)
    213e:	c606                	sw	ra,12(sp)
    2140:	4c9c                	lw	a5,24(s1)
    2142:	c422                	sw	s0,8(sp)
    2144:	892a                	mv	s2,a0
    2146:	e399                	bnez	a5,214c <__sfp+0x1a>
    2148:	8526                	mv	a0,s1
    214a:	3749                	jal	20cc <__sinit>
    214c:	04848493          	addi	s1,s1,72
    2150:	4480                	lw	s0,8(s1)
    2152:	40dc                	lw	a5,4(s1)
    2154:	17fd                	addi	a5,a5,-1
    2156:	0007d663          	bgez	a5,2162 <__sfp+0x30>
    215a:	409c                	lw	a5,0(s1)
    215c:	cfb9                	beqz	a5,21ba <__sfp+0x88>
    215e:	4084                	lw	s1,0(s1)
    2160:	bfc5                	j	2150 <__sfp+0x1e>
    2162:	00c41703          	lh	a4,12(s0)
    2166:	e739                	bnez	a4,21b4 <__sfp+0x82>
    2168:	77c1                	lui	a5,0xffff0
    216a:	0785                	addi	a5,a5,1
    216c:	06042223          	sw	zero,100(s0)
    2170:	00042023          	sw	zero,0(s0)
    2174:	00042223          	sw	zero,4(s0)
    2178:	00042423          	sw	zero,8(s0)
    217c:	c45c                	sw	a5,12(s0)
    217e:	00042823          	sw	zero,16(s0)
    2182:	00042a23          	sw	zero,20(s0)
    2186:	00042c23          	sw	zero,24(s0)
    218a:	4621                	li	a2,8
    218c:	4581                	li	a1,0
    218e:	05c40513          	addi	a0,s0,92
    2192:	fcffd0ef          	jal	ra,160 <memset>
    2196:	02042a23          	sw	zero,52(s0)
    219a:	02042c23          	sw	zero,56(s0)
    219e:	04042423          	sw	zero,72(s0)
    21a2:	04042623          	sw	zero,76(s0)
    21a6:	8522                	mv	a0,s0
    21a8:	40b2                	lw	ra,12(sp)
    21aa:	4422                	lw	s0,8(sp)
    21ac:	4492                	lw	s1,4(sp)
    21ae:	4902                	lw	s2,0(sp)
    21b0:	0141                	addi	sp,sp,16
    21b2:	8082                	ret
    21b4:	06840413          	addi	s0,s0,104
    21b8:	bf71                	j	2154 <__sfp+0x22>
    21ba:	4591                	li	a1,4
    21bc:	854a                	mv	a0,s2
    21be:	35e1                	jal	2086 <__sfmoreglue>
    21c0:	c088                	sw	a0,0(s1)
    21c2:	fd51                	bnez	a0,215e <__sfp+0x2c>
    21c4:	47b1                	li	a5,12
    21c6:	00f92023          	sw	a5,0(s2)
    21ca:	4401                	li	s0,0
    21cc:	bfe9                	j	21a6 <__sfp+0x74>

000021ce <_fwalk_reent>:
    21ce:	7179                	addi	sp,sp,-48
    21d0:	d422                	sw	s0,40(sp)
    21d2:	d04a                	sw	s2,32(sp)
    21d4:	cc52                	sw	s4,24(sp)
    21d6:	ca56                	sw	s5,20(sp)
    21d8:	c85a                	sw	s6,16(sp)
    21da:	c65e                	sw	s7,12(sp)
    21dc:	d606                	sw	ra,44(sp)
    21de:	d226                	sw	s1,36(sp)
    21e0:	ce4e                	sw	s3,28(sp)
    21e2:	8a2a                	mv	s4,a0
    21e4:	8aae                	mv	s5,a1
    21e6:	04850413          	addi	s0,a0,72
    21ea:	4901                	li	s2,0
    21ec:	4b05                	li	s6,1
    21ee:	5bfd                	li	s7,-1
    21f0:	ec09                	bnez	s0,220a <_fwalk_reent+0x3c>
    21f2:	50b2                	lw	ra,44(sp)
    21f4:	5422                	lw	s0,40(sp)
    21f6:	854a                	mv	a0,s2
    21f8:	5492                	lw	s1,36(sp)
    21fa:	5902                	lw	s2,32(sp)
    21fc:	49f2                	lw	s3,28(sp)
    21fe:	4a62                	lw	s4,24(sp)
    2200:	4ad2                	lw	s5,20(sp)
    2202:	4b42                	lw	s6,16(sp)
    2204:	4bb2                	lw	s7,12(sp)
    2206:	6145                	addi	sp,sp,48
    2208:	8082                	ret
    220a:	4404                	lw	s1,8(s0)
    220c:	00442983          	lw	s3,4(s0)
    2210:	19fd                	addi	s3,s3,-1
    2212:	0009d463          	bgez	s3,221a <_fwalk_reent+0x4c>
    2216:	4000                	lw	s0,0(s0)
    2218:	bfe1                	j	21f0 <_fwalk_reent+0x22>
    221a:	24de                	lhu	a5,12(s1)
    221c:	00fb7b63          	bgeu	s6,a5,2232 <_fwalk_reent+0x64>
    2220:	00e49783          	lh	a5,14(s1)
    2224:	01778763          	beq	a5,s7,2232 <_fwalk_reent+0x64>
    2228:	85a6                	mv	a1,s1
    222a:	8552                	mv	a0,s4
    222c:	9a82                	jalr	s5
    222e:	00a96933          	or	s2,s2,a0
    2232:	06848493          	addi	s1,s1,104
    2236:	bfe9                	j	2210 <_fwalk_reent+0x42>

00002238 <__swhatbuf_r>:
    2238:	7119                	addi	sp,sp,-128
    223a:	daa6                	sw	s1,116(sp)
    223c:	84ae                	mv	s1,a1
    223e:	00e59583          	lh	a1,14(a1)
    2242:	dca2                	sw	s0,120(sp)
    2244:	de86                	sw	ra,124(sp)
    2246:	8432                	mv	s0,a2
    2248:	0005db63          	bgez	a1,225e <__swhatbuf_r+0x26>
    224c:	24de                	lhu	a5,12(s1)
    224e:	0006a023          	sw	zero,0(a3)
    2252:	0807f793          	andi	a5,a5,128
    2256:	e785                	bnez	a5,227e <__swhatbuf_r+0x46>
    2258:	40000793          	li	a5,1024
    225c:	a01d                	j	2282 <__swhatbuf_r+0x4a>
    225e:	0830                	addi	a2,sp,24
    2260:	c636                	sw	a3,12(sp)
    2262:	201000ef          	jal	ra,2c62 <_fstat_r>
    2266:	46b2                	lw	a3,12(sp)
    2268:	fe0542e3          	bltz	a0,224c <__swhatbuf_r+0x14>
    226c:	4772                	lw	a4,28(sp)
    226e:	67bd                	lui	a5,0xf
    2270:	8ff9                	and	a5,a5,a4
    2272:	7779                	lui	a4,0xffffe
    2274:	97ba                	add	a5,a5,a4
    2276:	0017b793          	seqz	a5,a5
    227a:	c29c                	sw	a5,0(a3)
    227c:	bff1                	j	2258 <__swhatbuf_r+0x20>
    227e:	04000793          	li	a5,64
    2282:	c01c                	sw	a5,0(s0)
    2284:	50f6                	lw	ra,124(sp)
    2286:	5466                	lw	s0,120(sp)
    2288:	54d6                	lw	s1,116(sp)
    228a:	4501                	li	a0,0
    228c:	6109                	addi	sp,sp,128
    228e:	8082                	ret

00002290 <__smakebuf_r>:
    2290:	25de                	lhu	a5,12(a1)
    2292:	1101                	addi	sp,sp,-32
    2294:	cc22                	sw	s0,24(sp)
    2296:	ce06                	sw	ra,28(sp)
    2298:	ca26                	sw	s1,20(sp)
    229a:	c84a                	sw	s2,16(sp)
    229c:	8b89                	andi	a5,a5,2
    229e:	842e                	mv	s0,a1
    22a0:	cf89                	beqz	a5,22ba <__smakebuf_r+0x2a>
    22a2:	04740793          	addi	a5,s0,71
    22a6:	c01c                	sw	a5,0(s0)
    22a8:	c81c                	sw	a5,16(s0)
    22aa:	4785                	li	a5,1
    22ac:	c85c                	sw	a5,20(s0)
    22ae:	40f2                	lw	ra,28(sp)
    22b0:	4462                	lw	s0,24(sp)
    22b2:	44d2                	lw	s1,20(sp)
    22b4:	4942                	lw	s2,16(sp)
    22b6:	6105                	addi	sp,sp,32
    22b8:	8082                	ret
    22ba:	0074                	addi	a3,sp,12
    22bc:	0030                	addi	a2,sp,8
    22be:	84aa                	mv	s1,a0
    22c0:	3fa5                	jal	2238 <__swhatbuf_r>
    22c2:	45a2                	lw	a1,8(sp)
    22c4:	892a                	mv	s2,a0
    22c6:	8526                	mv	a0,s1
    22c8:	2201                	jal	23c8 <_malloc_r>
    22ca:	e919                	bnez	a0,22e0 <__smakebuf_r+0x50>
    22cc:	00c41783          	lh	a5,12(s0)
    22d0:	2007f713          	andi	a4,a5,512
    22d4:	ff69                	bnez	a4,22ae <__smakebuf_r+0x1e>
    22d6:	9bf1                	andi	a5,a5,-4
    22d8:	0027e793          	ori	a5,a5,2
    22dc:	a45e                	sh	a5,12(s0)
    22de:	b7d1                	j	22a2 <__smakebuf_r+0x12>
    22e0:	00000797          	auipc	a5,0x0
    22e4:	d9c78793          	addi	a5,a5,-612 # 207c <_cleanup_r>
    22e8:	d49c                	sw	a5,40(s1)
    22ea:	245e                	lhu	a5,12(s0)
    22ec:	c008                	sw	a0,0(s0)
    22ee:	c808                	sw	a0,16(s0)
    22f0:	0807e793          	ori	a5,a5,128
    22f4:	a45e                	sh	a5,12(s0)
    22f6:	47a2                	lw	a5,8(sp)
    22f8:	c85c                	sw	a5,20(s0)
    22fa:	47b2                	lw	a5,12(sp)
    22fc:	cf81                	beqz	a5,2314 <__smakebuf_r+0x84>
    22fe:	00e41583          	lh	a1,14(s0)
    2302:	8526                	mv	a0,s1
    2304:	189000ef          	jal	ra,2c8c <_isatty_r>
    2308:	c511                	beqz	a0,2314 <__smakebuf_r+0x84>
    230a:	245e                	lhu	a5,12(s0)
    230c:	9bf1                	andi	a5,a5,-4
    230e:	0017e793          	ori	a5,a5,1
    2312:	a45e                	sh	a5,12(s0)
    2314:	245e                	lhu	a5,12(s0)
    2316:	00f96933          	or	s2,s2,a5
    231a:	01241623          	sh	s2,12(s0)
    231e:	bf41                	j	22ae <__smakebuf_r+0x1e>

00002320 <_free_r>:
    2320:	c1dd                	beqz	a1,23c6 <_free_r+0xa6>
    2322:	ffc5a783          	lw	a5,-4(a1)
    2326:	1141                	addi	sp,sp,-16
    2328:	c422                	sw	s0,8(sp)
    232a:	c606                	sw	ra,12(sp)
    232c:	c226                	sw	s1,4(sp)
    232e:	ffc58413          	addi	s0,a1,-4
    2332:	0007d363          	bgez	a5,2338 <_free_r+0x18>
    2336:	943e                	add	s0,s0,a5
    2338:	84aa                	mv	s1,a0
    233a:	1bf000ef          	jal	ra,2cf8 <__malloc_lock>
    233e:	85c18793          	addi	a5,gp,-1956 # 2000010c <__malloc_free_list>
    2342:	439c                	lw	a5,0(a5)
    2344:	ef81                	bnez	a5,235c <_free_r+0x3c>
    2346:	00042223          	sw	zero,4(s0)
    234a:	8481ae23          	sw	s0,-1956(gp) # 2000010c <__malloc_free_list>
    234e:	4422                	lw	s0,8(sp)
    2350:	40b2                	lw	ra,12(sp)
    2352:	8526                	mv	a0,s1
    2354:	4492                	lw	s1,4(sp)
    2356:	0141                	addi	sp,sp,16
    2358:	1a30006f          	j	2cfa <__malloc_unlock>
    235c:	00f47e63          	bgeu	s0,a5,2378 <_free_r+0x58>
    2360:	4014                	lw	a3,0(s0)
    2362:	00d40733          	add	a4,s0,a3
    2366:	00e79663          	bne	a5,a4,2372 <_free_r+0x52>
    236a:	4398                	lw	a4,0(a5)
    236c:	43dc                	lw	a5,4(a5)
    236e:	9736                	add	a4,a4,a3
    2370:	c018                	sw	a4,0(s0)
    2372:	c05c                	sw	a5,4(s0)
    2374:	bfd9                	j	234a <_free_r+0x2a>
    2376:	87ba                	mv	a5,a4
    2378:	43d8                	lw	a4,4(a5)
    237a:	c319                	beqz	a4,2380 <_free_r+0x60>
    237c:	fee47de3          	bgeu	s0,a4,2376 <_free_r+0x56>
    2380:	4394                	lw	a3,0(a5)
    2382:	00d78633          	add	a2,a5,a3
    2386:	00861f63          	bne	a2,s0,23a4 <_free_r+0x84>
    238a:	4010                	lw	a2,0(s0)
    238c:	96b2                	add	a3,a3,a2
    238e:	c394                	sw	a3,0(a5)
    2390:	00d78633          	add	a2,a5,a3
    2394:	fac71de3          	bne	a4,a2,234e <_free_r+0x2e>
    2398:	4310                	lw	a2,0(a4)
    239a:	4358                	lw	a4,4(a4)
    239c:	96b2                	add	a3,a3,a2
    239e:	c394                	sw	a3,0(a5)
    23a0:	c3d8                	sw	a4,4(a5)
    23a2:	b775                	j	234e <_free_r+0x2e>
    23a4:	00c47563          	bgeu	s0,a2,23ae <_free_r+0x8e>
    23a8:	47b1                	li	a5,12
    23aa:	c09c                	sw	a5,0(s1)
    23ac:	b74d                	j	234e <_free_r+0x2e>
    23ae:	4010                	lw	a2,0(s0)
    23b0:	00c406b3          	add	a3,s0,a2
    23b4:	00d71663          	bne	a4,a3,23c0 <_free_r+0xa0>
    23b8:	4314                	lw	a3,0(a4)
    23ba:	4358                	lw	a4,4(a4)
    23bc:	96b2                	add	a3,a3,a2
    23be:	c014                	sw	a3,0(s0)
    23c0:	c058                	sw	a4,4(s0)
    23c2:	c3c0                	sw	s0,4(a5)
    23c4:	b769                	j	234e <_free_r+0x2e>
    23c6:	8082                	ret

000023c8 <_malloc_r>:
    23c8:	1101                	addi	sp,sp,-32
    23ca:	ca26                	sw	s1,20(sp)
    23cc:	00358493          	addi	s1,a1,3
    23d0:	98f1                	andi	s1,s1,-4
    23d2:	ce06                	sw	ra,28(sp)
    23d4:	cc22                	sw	s0,24(sp)
    23d6:	c84a                	sw	s2,16(sp)
    23d8:	c64e                	sw	s3,12(sp)
    23da:	04a1                	addi	s1,s1,8
    23dc:	47b1                	li	a5,12
    23de:	04f4f363          	bgeu	s1,a5,2424 <_malloc_r+0x5c>
    23e2:	44b1                	li	s1,12
    23e4:	04b4e263          	bltu	s1,a1,2428 <_malloc_r+0x60>
    23e8:	892a                	mv	s2,a0
    23ea:	10f000ef          	jal	ra,2cf8 <__malloc_lock>
    23ee:	85c18793          	addi	a5,gp,-1956 # 2000010c <__malloc_free_list>
    23f2:	4398                	lw	a4,0(a5)
    23f4:	843a                	mv	s0,a4
    23f6:	e039                	bnez	s0,243c <_malloc_r+0x74>
    23f8:	86018793          	addi	a5,gp,-1952 # 20000110 <__malloc_sbrk_start>
    23fc:	439c                	lw	a5,0(a5)
    23fe:	e791                	bnez	a5,240a <_malloc_r+0x42>
    2400:	4581                	li	a1,0
    2402:	854a                	mv	a0,s2
    2404:	2f15                	jal	2b38 <_sbrk_r>
    2406:	86a1a023          	sw	a0,-1952(gp) # 20000110 <__malloc_sbrk_start>
    240a:	85a6                	mv	a1,s1
    240c:	854a                	mv	a0,s2
    240e:	272d                	jal	2b38 <_sbrk_r>
    2410:	59fd                	li	s3,-1
    2412:	07351963          	bne	a0,s3,2484 <_malloc_r+0xbc>
    2416:	47b1                	li	a5,12
    2418:	00f92023          	sw	a5,0(s2)
    241c:	854a                	mv	a0,s2
    241e:	0dd000ef          	jal	ra,2cfa <__malloc_unlock>
    2422:	a029                	j	242c <_malloc_r+0x64>
    2424:	fc04d0e3          	bgez	s1,23e4 <_malloc_r+0x1c>
    2428:	47b1                	li	a5,12
    242a:	c11c                	sw	a5,0(a0)
    242c:	4501                	li	a0,0
    242e:	40f2                	lw	ra,28(sp)
    2430:	4462                	lw	s0,24(sp)
    2432:	44d2                	lw	s1,20(sp)
    2434:	4942                	lw	s2,16(sp)
    2436:	49b2                	lw	s3,12(sp)
    2438:	6105                	addi	sp,sp,32
    243a:	8082                	ret
    243c:	401c                	lw	a5,0(s0)
    243e:	8f85                	sub	a5,a5,s1
    2440:	0207cf63          	bltz	a5,247e <_malloc_r+0xb6>
    2444:	46ad                	li	a3,11
    2446:	00f6f663          	bgeu	a3,a5,2452 <_malloc_r+0x8a>
    244a:	c01c                	sw	a5,0(s0)
    244c:	943e                	add	s0,s0,a5
    244e:	c004                	sw	s1,0(s0)
    2450:	a031                	j	245c <_malloc_r+0x94>
    2452:	405c                	lw	a5,4(s0)
    2454:	02871363          	bne	a4,s0,247a <_malloc_r+0xb2>
    2458:	84f1ae23          	sw	a5,-1956(gp) # 2000010c <__malloc_free_list>
    245c:	854a                	mv	a0,s2
    245e:	09d000ef          	jal	ra,2cfa <__malloc_unlock>
    2462:	00b40513          	addi	a0,s0,11
    2466:	00440793          	addi	a5,s0,4
    246a:	9961                	andi	a0,a0,-8
    246c:	40f50733          	sub	a4,a0,a5
    2470:	df5d                	beqz	a4,242e <_malloc_r+0x66>
    2472:	943a                	add	s0,s0,a4
    2474:	8f89                	sub	a5,a5,a0
    2476:	c01c                	sw	a5,0(s0)
    2478:	bf5d                	j	242e <_malloc_r+0x66>
    247a:	c35c                	sw	a5,4(a4)
    247c:	b7c5                	j	245c <_malloc_r+0x94>
    247e:	8722                	mv	a4,s0
    2480:	4040                	lw	s0,4(s0)
    2482:	bf95                	j	23f6 <_malloc_r+0x2e>
    2484:	00350413          	addi	s0,a0,3
    2488:	9871                	andi	s0,s0,-4
    248a:	fc8502e3          	beq	a0,s0,244e <_malloc_r+0x86>
    248e:	40a405b3          	sub	a1,s0,a0
    2492:	854a                	mv	a0,s2
    2494:	2555                	jal	2b38 <_sbrk_r>
    2496:	fb351ce3          	bne	a0,s3,244e <_malloc_r+0x86>
    249a:	bfb5                	j	2416 <_malloc_r+0x4e>

0000249c <__sfputc_r>:
    249c:	461c                	lw	a5,8(a2)
    249e:	17fd                	addi	a5,a5,-1
    24a0:	c61c                	sw	a5,8(a2)
    24a2:	0007da63          	bgez	a5,24b6 <__sfputc_r+0x1a>
    24a6:	4e18                	lw	a4,24(a2)
    24a8:	00e7c563          	blt	a5,a4,24b2 <__sfputc_r+0x16>
    24ac:	47a9                	li	a5,10
    24ae:	00f59463          	bne	a1,a5,24b6 <__sfputc_r+0x1a>
    24b2:	819ff06f          	j	1cca <__swbuf_r>
    24b6:	421c                	lw	a5,0(a2)
    24b8:	852e                	mv	a0,a1
    24ba:	00178713          	addi	a4,a5,1
    24be:	c218                	sw	a4,0(a2)
    24c0:	a38c                	sb	a1,0(a5)
    24c2:	8082                	ret

000024c4 <__sfputs_r>:
    24c4:	1101                	addi	sp,sp,-32
    24c6:	cc22                	sw	s0,24(sp)
    24c8:	ca26                	sw	s1,20(sp)
    24ca:	c84a                	sw	s2,16(sp)
    24cc:	c64e                	sw	s3,12(sp)
    24ce:	c452                	sw	s4,8(sp)
    24d0:	ce06                	sw	ra,28(sp)
    24d2:	892a                	mv	s2,a0
    24d4:	89ae                	mv	s3,a1
    24d6:	8432                	mv	s0,a2
    24d8:	00d604b3          	add	s1,a2,a3
    24dc:	5a7d                	li	s4,-1
    24de:	00941463          	bne	s0,s1,24e6 <__sfputs_r+0x22>
    24e2:	4501                	li	a0,0
    24e4:	a801                	j	24f4 <__sfputs_r+0x30>
    24e6:	200c                	lbu	a1,0(s0)
    24e8:	864e                	mv	a2,s3
    24ea:	854a                	mv	a0,s2
    24ec:	3f45                	jal	249c <__sfputc_r>
    24ee:	0405                	addi	s0,s0,1
    24f0:	ff4517e3          	bne	a0,s4,24de <__sfputs_r+0x1a>
    24f4:	40f2                	lw	ra,28(sp)
    24f6:	4462                	lw	s0,24(sp)
    24f8:	44d2                	lw	s1,20(sp)
    24fa:	4942                	lw	s2,16(sp)
    24fc:	49b2                	lw	s3,12(sp)
    24fe:	4a22                	lw	s4,8(sp)
    2500:	6105                	addi	sp,sp,32
    2502:	8082                	ret

00002504 <_vfiprintf_r>:
    2504:	7135                	addi	sp,sp,-160
    2506:	cd22                	sw	s0,152(sp)
    2508:	cb26                	sw	s1,148(sp)
    250a:	c94a                	sw	s2,144(sp)
    250c:	c74e                	sw	s3,140(sp)
    250e:	cf06                	sw	ra,156(sp)
    2510:	c552                	sw	s4,136(sp)
    2512:	c356                	sw	s5,132(sp)
    2514:	c15a                	sw	s6,128(sp)
    2516:	dede                	sw	s7,124(sp)
    2518:	dce2                	sw	s8,120(sp)
    251a:	dae6                	sw	s9,116(sp)
    251c:	89aa                	mv	s3,a0
    251e:	84ae                	mv	s1,a1
    2520:	8932                	mv	s2,a2
    2522:	8436                	mv	s0,a3
    2524:	c509                	beqz	a0,252e <_vfiprintf_r+0x2a>
    2526:	4d1c                	lw	a5,24(a0)
    2528:	e399                	bnez	a5,252e <_vfiprintf_r+0x2a>
    252a:	ba3ff0ef          	jal	ra,20cc <__sinit>
    252e:	00001797          	auipc	a5,0x1
    2532:	c2278793          	addi	a5,a5,-990 # 3150 <__sf_fake_stdin>
    2536:	0cf49763          	bne	s1,a5,2604 <_vfiprintf_r+0x100>
    253a:	0049a483          	lw	s1,4(s3)
    253e:	24de                	lhu	a5,12(s1)
    2540:	8ba1                	andi	a5,a5,8
    2542:	c3fd                	beqz	a5,2628 <_vfiprintf_r+0x124>
    2544:	489c                	lw	a5,16(s1)
    2546:	c3ed                	beqz	a5,2628 <_vfiprintf_r+0x124>
    2548:	02000793          	li	a5,32
    254c:	02f104a3          	sb	a5,41(sp)
    2550:	03000793          	li	a5,48
    2554:	d202                	sw	zero,36(sp)
    2556:	02f10523          	sb	a5,42(sp)
    255a:	c622                	sw	s0,12(sp)
    255c:	02500b93          	li	s7,37
    2560:	00001a97          	auipc	s5,0x1
    2564:	c30a8a93          	addi	s5,s5,-976 # 3190 <__sf_fake_stdout+0x20>
    2568:	4c05                	li	s8,1
    256a:	4b29                	li	s6,10
    256c:	844a                	mv	s0,s2
    256e:	201c                	lbu	a5,0(s0)
    2570:	c399                	beqz	a5,2576 <_vfiprintf_r+0x72>
    2572:	0d779e63          	bne	a5,s7,264e <_vfiprintf_r+0x14a>
    2576:	41240cb3          	sub	s9,s0,s2
    257a:	000c8d63          	beqz	s9,2594 <_vfiprintf_r+0x90>
    257e:	86e6                	mv	a3,s9
    2580:	864a                	mv	a2,s2
    2582:	85a6                	mv	a1,s1
    2584:	854e                	mv	a0,s3
    2586:	3f3d                	jal	24c4 <__sfputs_r>
    2588:	57fd                	li	a5,-1
    258a:	1cf50f63          	beq	a0,a5,2768 <_vfiprintf_r+0x264>
    258e:	5692                	lw	a3,36(sp)
    2590:	96e6                	add	a3,a3,s9
    2592:	d236                	sw	a3,36(sp)
    2594:	201c                	lbu	a5,0(s0)
    2596:	1c078963          	beqz	a5,2768 <_vfiprintf_r+0x264>
    259a:	57fd                	li	a5,-1
    259c:	00140913          	addi	s2,s0,1
    25a0:	c802                	sw	zero,16(sp)
    25a2:	ce02                	sw	zero,28(sp)
    25a4:	ca3e                	sw	a5,20(sp)
    25a6:	cc02                	sw	zero,24(sp)
    25a8:	040109a3          	sb	zero,83(sp)
    25ac:	d482                	sw	zero,104(sp)
    25ae:	00094583          	lbu	a1,0(s2)
    25b2:	4615                	li	a2,5
    25b4:	8556                	mv	a0,s5
    25b6:	272d                	jal	2ce0 <memchr>
    25b8:	00190413          	addi	s0,s2,1
    25bc:	47c2                	lw	a5,16(sp)
    25be:	e951                	bnez	a0,2652 <_vfiprintf_r+0x14e>
    25c0:	0107f713          	andi	a4,a5,16
    25c4:	c709                	beqz	a4,25ce <_vfiprintf_r+0xca>
    25c6:	02000713          	li	a4,32
    25ca:	04e109a3          	sb	a4,83(sp)
    25ce:	0087f713          	andi	a4,a5,8
    25d2:	c709                	beqz	a4,25dc <_vfiprintf_r+0xd8>
    25d4:	02b00713          	li	a4,43
    25d8:	04e109a3          	sb	a4,83(sp)
    25dc:	00094683          	lbu	a3,0(s2)
    25e0:	02a00713          	li	a4,42
    25e4:	06e68f63          	beq	a3,a4,2662 <_vfiprintf_r+0x15e>
    25e8:	47f2                	lw	a5,28(sp)
    25ea:	844a                	mv	s0,s2
    25ec:	4681                	li	a3,0
    25ee:	4625                	li	a2,9
    25f0:	2018                	lbu	a4,0(s0)
    25f2:	00140593          	addi	a1,s0,1
    25f6:	fd070713          	addi	a4,a4,-48 # ffffdfd0 <_eusrstack+0xdfff8fd0>
    25fa:	0ae67763          	bgeu	a2,a4,26a8 <_vfiprintf_r+0x1a4>
    25fe:	cab5                	beqz	a3,2672 <_vfiprintf_r+0x16e>
    2600:	ce3e                	sw	a5,28(sp)
    2602:	a885                	j	2672 <_vfiprintf_r+0x16e>
    2604:	00001797          	auipc	a5,0x1
    2608:	b6c78793          	addi	a5,a5,-1172 # 3170 <__sf_fake_stdout>
    260c:	00f49563          	bne	s1,a5,2616 <_vfiprintf_r+0x112>
    2610:	0089a483          	lw	s1,8(s3)
    2614:	b72d                	j	253e <_vfiprintf_r+0x3a>
    2616:	00001797          	auipc	a5,0x1
    261a:	b1a78793          	addi	a5,a5,-1254 # 3130 <__sf_fake_stderr>
    261e:	f2f490e3          	bne	s1,a5,253e <_vfiprintf_r+0x3a>
    2622:	00c9a483          	lw	s1,12(s3)
    2626:	bf21                	j	253e <_vfiprintf_r+0x3a>
    2628:	85a6                	mv	a1,s1
    262a:	854e                	mv	a0,s3
    262c:	f5aff0ef          	jal	ra,1d86 <__swsetup_r>
    2630:	dd01                	beqz	a0,2548 <_vfiprintf_r+0x44>
    2632:	557d                	li	a0,-1
    2634:	40fa                	lw	ra,156(sp)
    2636:	446a                	lw	s0,152(sp)
    2638:	44da                	lw	s1,148(sp)
    263a:	494a                	lw	s2,144(sp)
    263c:	49ba                	lw	s3,140(sp)
    263e:	4a2a                	lw	s4,136(sp)
    2640:	4a9a                	lw	s5,132(sp)
    2642:	4b0a                	lw	s6,128(sp)
    2644:	5bf6                	lw	s7,124(sp)
    2646:	5c66                	lw	s8,120(sp)
    2648:	5cd6                	lw	s9,116(sp)
    264a:	610d                	addi	sp,sp,160
    264c:	8082                	ret
    264e:	0405                	addi	s0,s0,1
    2650:	bf39                	j	256e <_vfiprintf_r+0x6a>
    2652:	41550533          	sub	a0,a0,s5
    2656:	00ac1533          	sll	a0,s8,a0
    265a:	8fc9                	or	a5,a5,a0
    265c:	c83e                	sw	a5,16(sp)
    265e:	8922                	mv	s2,s0
    2660:	b7b9                	j	25ae <_vfiprintf_r+0xaa>
    2662:	4732                	lw	a4,12(sp)
    2664:	00470693          	addi	a3,a4,4
    2668:	4318                	lw	a4,0(a4)
    266a:	c636                	sw	a3,12(sp)
    266c:	02074763          	bltz	a4,269a <_vfiprintf_r+0x196>
    2670:	ce3a                	sw	a4,28(sp)
    2672:	2018                	lbu	a4,0(s0)
    2674:	02e00793          	li	a5,46
    2678:	04f71d63          	bne	a4,a5,26d2 <_vfiprintf_r+0x1ce>
    267c:	3018                	lbu	a4,1(s0)
    267e:	02a00793          	li	a5,42
    2682:	02f71b63          	bne	a4,a5,26b8 <_vfiprintf_r+0x1b4>
    2686:	47b2                	lw	a5,12(sp)
    2688:	0409                	addi	s0,s0,2
    268a:	00478713          	addi	a4,a5,4
    268e:	439c                	lw	a5,0(a5)
    2690:	c63a                	sw	a4,12(sp)
    2692:	0207c163          	bltz	a5,26b4 <_vfiprintf_r+0x1b0>
    2696:	ca3e                	sw	a5,20(sp)
    2698:	a82d                	j	26d2 <_vfiprintf_r+0x1ce>
    269a:	40e00733          	neg	a4,a4
    269e:	0027e793          	ori	a5,a5,2
    26a2:	ce3a                	sw	a4,28(sp)
    26a4:	c83e                	sw	a5,16(sp)
    26a6:	b7f1                	j	2672 <_vfiprintf_r+0x16e>
    26a8:	036787b3          	mul	a5,a5,s6
    26ac:	4685                	li	a3,1
    26ae:	842e                	mv	s0,a1
    26b0:	97ba                	add	a5,a5,a4
    26b2:	bf3d                	j	25f0 <_vfiprintf_r+0xec>
    26b4:	57fd                	li	a5,-1
    26b6:	b7c5                	j	2696 <_vfiprintf_r+0x192>
    26b8:	0405                	addi	s0,s0,1
    26ba:	ca02                	sw	zero,20(sp)
    26bc:	4681                	li	a3,0
    26be:	4781                	li	a5,0
    26c0:	4625                	li	a2,9
    26c2:	2018                	lbu	a4,0(s0)
    26c4:	00140593          	addi	a1,s0,1
    26c8:	fd070713          	addi	a4,a4,-48
    26cc:	06e67463          	bgeu	a2,a4,2734 <_vfiprintf_r+0x230>
    26d0:	f2f9                	bnez	a3,2696 <_vfiprintf_r+0x192>
    26d2:	200c                	lbu	a1,0(s0)
    26d4:	460d                	li	a2,3
    26d6:	00001517          	auipc	a0,0x1
    26da:	ac250513          	addi	a0,a0,-1342 # 3198 <__sf_fake_stdout+0x28>
    26de:	2509                	jal	2ce0 <memchr>
    26e0:	cd11                	beqz	a0,26fc <_vfiprintf_r+0x1f8>
    26e2:	00001797          	auipc	a5,0x1
    26e6:	ab678793          	addi	a5,a5,-1354 # 3198 <__sf_fake_stdout+0x28>
    26ea:	8d1d                	sub	a0,a0,a5
    26ec:	04000793          	li	a5,64
    26f0:	00a797b3          	sll	a5,a5,a0
    26f4:	4542                	lw	a0,16(sp)
    26f6:	0405                	addi	s0,s0,1
    26f8:	8d5d                	or	a0,a0,a5
    26fa:	c82a                	sw	a0,16(sp)
    26fc:	200c                	lbu	a1,0(s0)
    26fe:	4619                	li	a2,6
    2700:	00001517          	auipc	a0,0x1
    2704:	a9c50513          	addi	a0,a0,-1380 # 319c <__sf_fake_stdout+0x2c>
    2708:	00140913          	addi	s2,s0,1
    270c:	02b10423          	sb	a1,40(sp)
    2710:	2bc1                	jal	2ce0 <memchr>
    2712:	c135                	beqz	a0,2776 <_vfiprintf_r+0x272>
    2714:	ffffe797          	auipc	a5,0xffffe
    2718:	8ec78793          	addi	a5,a5,-1812 # 0 <_sinit>
    271c:	e795                	bnez	a5,2748 <_vfiprintf_r+0x244>
    271e:	4742                	lw	a4,16(sp)
    2720:	47b2                	lw	a5,12(sp)
    2722:	10077713          	andi	a4,a4,256
    2726:	cf09                	beqz	a4,2740 <_vfiprintf_r+0x23c>
    2728:	0791                	addi	a5,a5,4
    272a:	c63e                	sw	a5,12(sp)
    272c:	5792                	lw	a5,36(sp)
    272e:	97d2                	add	a5,a5,s4
    2730:	d23e                	sw	a5,36(sp)
    2732:	bd2d                	j	256c <_vfiprintf_r+0x68>
    2734:	036787b3          	mul	a5,a5,s6
    2738:	4685                	li	a3,1
    273a:	842e                	mv	s0,a1
    273c:	97ba                	add	a5,a5,a4
    273e:	b751                	j	26c2 <_vfiprintf_r+0x1be>
    2740:	079d                	addi	a5,a5,7
    2742:	9be1                	andi	a5,a5,-8
    2744:	07a1                	addi	a5,a5,8
    2746:	b7d5                	j	272a <_vfiprintf_r+0x226>
    2748:	0078                	addi	a4,sp,12
    274a:	00000697          	auipc	a3,0x0
    274e:	d7a68693          	addi	a3,a3,-646 # 24c4 <__sfputs_r>
    2752:	8626                	mv	a2,s1
    2754:	080c                	addi	a1,sp,16
    2756:	854e                	mv	a0,s3
    2758:	00000097          	auipc	ra,0x0
    275c:	000000e7          	jalr	zero # 0 <_sinit>
    2760:	57fd                	li	a5,-1
    2762:	8a2a                	mv	s4,a0
    2764:	fcf514e3          	bne	a0,a5,272c <_vfiprintf_r+0x228>
    2768:	24de                	lhu	a5,12(s1)
    276a:	0407f793          	andi	a5,a5,64
    276e:	ec0792e3          	bnez	a5,2632 <_vfiprintf_r+0x12e>
    2772:	5512                	lw	a0,36(sp)
    2774:	b5c1                	j	2634 <_vfiprintf_r+0x130>
    2776:	0078                	addi	a4,sp,12
    2778:	00000697          	auipc	a3,0x0
    277c:	d4c68693          	addi	a3,a3,-692 # 24c4 <__sfputs_r>
    2780:	8626                	mv	a2,s1
    2782:	080c                	addi	a1,sp,16
    2784:	854e                	mv	a0,s3
    2786:	2a01                	jal	2896 <_printf_i>
    2788:	bfe1                	j	2760 <_vfiprintf_r+0x25c>

0000278a <_printf_common>:
    278a:	7179                	addi	sp,sp,-48
    278c:	ca56                	sw	s5,20(sp)
    278e:	499c                	lw	a5,16(a1)
    2790:	8aba                	mv	s5,a4
    2792:	4598                	lw	a4,8(a1)
    2794:	d422                	sw	s0,40(sp)
    2796:	d226                	sw	s1,36(sp)
    2798:	ce4e                	sw	s3,28(sp)
    279a:	cc52                	sw	s4,24(sp)
    279c:	d606                	sw	ra,44(sp)
    279e:	d04a                	sw	s2,32(sp)
    27a0:	c85a                	sw	s6,16(sp)
    27a2:	c65e                	sw	s7,12(sp)
    27a4:	89aa                	mv	s3,a0
    27a6:	842e                	mv	s0,a1
    27a8:	84b2                	mv	s1,a2
    27aa:	8a36                	mv	s4,a3
    27ac:	00e7d363          	bge	a5,a4,27b2 <_printf_common+0x28>
    27b0:	87ba                	mv	a5,a4
    27b2:	c09c                	sw	a5,0(s1)
    27b4:	04344703          	lbu	a4,67(s0)
    27b8:	c319                	beqz	a4,27be <_printf_common+0x34>
    27ba:	0785                	addi	a5,a5,1
    27bc:	c09c                	sw	a5,0(s1)
    27be:	401c                	lw	a5,0(s0)
    27c0:	0207f793          	andi	a5,a5,32
    27c4:	c781                	beqz	a5,27cc <_printf_common+0x42>
    27c6:	409c                	lw	a5,0(s1)
    27c8:	0789                	addi	a5,a5,2
    27ca:	c09c                	sw	a5,0(s1)
    27cc:	00042903          	lw	s2,0(s0)
    27d0:	00697913          	andi	s2,s2,6
    27d4:	00091a63          	bnez	s2,27e8 <_printf_common+0x5e>
    27d8:	01940b13          	addi	s6,s0,25
    27dc:	5bfd                	li	s7,-1
    27de:	445c                	lw	a5,12(s0)
    27e0:	4098                	lw	a4,0(s1)
    27e2:	8f99                	sub	a5,a5,a4
    27e4:	04f94c63          	blt	s2,a5,283c <_printf_common+0xb2>
    27e8:	401c                	lw	a5,0(s0)
    27ea:	04344683          	lbu	a3,67(s0)
    27ee:	0207f793          	andi	a5,a5,32
    27f2:	00d036b3          	snez	a3,a3
    27f6:	eba5                	bnez	a5,2866 <_printf_common+0xdc>
    27f8:	04340613          	addi	a2,s0,67
    27fc:	85d2                	mv	a1,s4
    27fe:	854e                	mv	a0,s3
    2800:	9a82                	jalr	s5
    2802:	57fd                	li	a5,-1
    2804:	04f50363          	beq	a0,a5,284a <_printf_common+0xc0>
    2808:	401c                	lw	a5,0(s0)
    280a:	4611                	li	a2,4
    280c:	4098                	lw	a4,0(s1)
    280e:	8b99                	andi	a5,a5,6
    2810:	4454                	lw	a3,12(s0)
    2812:	4481                	li	s1,0
    2814:	00c79763          	bne	a5,a2,2822 <_printf_common+0x98>
    2818:	40e684b3          	sub	s1,a3,a4
    281c:	0004d363          	bgez	s1,2822 <_printf_common+0x98>
    2820:	4481                	li	s1,0
    2822:	441c                	lw	a5,8(s0)
    2824:	4818                	lw	a4,16(s0)
    2826:	00f75463          	bge	a4,a5,282e <_printf_common+0xa4>
    282a:	8f99                	sub	a5,a5,a4
    282c:	94be                	add	s1,s1,a5
    282e:	4901                	li	s2,0
    2830:	0469                	addi	s0,s0,26
    2832:	5b7d                	li	s6,-1
    2834:	05249863          	bne	s1,s2,2884 <_printf_common+0xfa>
    2838:	4501                	li	a0,0
    283a:	a809                	j	284c <_printf_common+0xc2>
    283c:	4685                	li	a3,1
    283e:	865a                	mv	a2,s6
    2840:	85d2                	mv	a1,s4
    2842:	854e                	mv	a0,s3
    2844:	9a82                	jalr	s5
    2846:	01751e63          	bne	a0,s7,2862 <_printf_common+0xd8>
    284a:	557d                	li	a0,-1
    284c:	50b2                	lw	ra,44(sp)
    284e:	5422                	lw	s0,40(sp)
    2850:	5492                	lw	s1,36(sp)
    2852:	5902                	lw	s2,32(sp)
    2854:	49f2                	lw	s3,28(sp)
    2856:	4a62                	lw	s4,24(sp)
    2858:	4ad2                	lw	s5,20(sp)
    285a:	4b42                	lw	s6,16(sp)
    285c:	4bb2                	lw	s7,12(sp)
    285e:	6145                	addi	sp,sp,48
    2860:	8082                	ret
    2862:	0905                	addi	s2,s2,1
    2864:	bfad                	j	27de <_printf_common+0x54>
    2866:	00d40733          	add	a4,s0,a3
    286a:	03000613          	li	a2,48
    286e:	04c701a3          	sb	a2,67(a4)
    2872:	04544703          	lbu	a4,69(s0)
    2876:	00168793          	addi	a5,a3,1
    287a:	97a2                	add	a5,a5,s0
    287c:	0689                	addi	a3,a3,2
    287e:	04e781a3          	sb	a4,67(a5)
    2882:	bf9d                	j	27f8 <_printf_common+0x6e>
    2884:	4685                	li	a3,1
    2886:	8622                	mv	a2,s0
    2888:	85d2                	mv	a1,s4
    288a:	854e                	mv	a0,s3
    288c:	9a82                	jalr	s5
    288e:	fb650ee3          	beq	a0,s6,284a <_printf_common+0xc0>
    2892:	0905                	addi	s2,s2,1
    2894:	b745                	j	2834 <_printf_common+0xaa>

00002896 <_printf_i>:
    2896:	7179                	addi	sp,sp,-48
    2898:	d422                	sw	s0,40(sp)
    289a:	d226                	sw	s1,36(sp)
    289c:	d04a                	sw	s2,32(sp)
    289e:	ce4e                	sw	s3,28(sp)
    28a0:	d606                	sw	ra,44(sp)
    28a2:	cc52                	sw	s4,24(sp)
    28a4:	ca56                	sw	s5,20(sp)
    28a6:	c85a                	sw	s6,16(sp)
    28a8:	89b6                	mv	s3,a3
    28aa:	2d94                	lbu	a3,24(a1)
    28ac:	06900793          	li	a5,105
    28b0:	8932                	mv	s2,a2
    28b2:	84aa                	mv	s1,a0
    28b4:	842e                	mv	s0,a1
    28b6:	04358613          	addi	a2,a1,67
    28ba:	02f68d63          	beq	a3,a5,28f4 <_printf_i+0x5e>
    28be:	06d7e263          	bltu	a5,a3,2922 <_printf_i+0x8c>
    28c2:	05800793          	li	a5,88
    28c6:	18f68663          	beq	a3,a5,2a52 <_printf_i+0x1bc>
    28ca:	00d7ed63          	bltu	a5,a3,28e4 <_printf_i+0x4e>
    28ce:	20068e63          	beqz	a3,2aea <_printf_i+0x254>
    28d2:	04300793          	li	a5,67
    28d6:	0af68e63          	beq	a3,a5,2992 <_printf_i+0xfc>
    28da:	04240a93          	addi	s5,s0,66
    28de:	04d40123          	sb	a3,66(s0)
    28e2:	a0c9                	j	29a4 <_printf_i+0x10e>
    28e4:	06300793          	li	a5,99
    28e8:	0af68563          	beq	a3,a5,2992 <_printf_i+0xfc>
    28ec:	06400793          	li	a5,100
    28f0:	fef695e3          	bne	a3,a5,28da <_printf_i+0x44>
    28f4:	401c                	lw	a5,0(s0)
    28f6:	4308                	lw	a0,0(a4)
    28f8:	0807f693          	andi	a3,a5,128
    28fc:	00450593          	addi	a1,a0,4
    2900:	c6c5                	beqz	a3,29a8 <_printf_i+0x112>
    2902:	411c                	lw	a5,0(a0)
    2904:	c30c                	sw	a1,0(a4)
    2906:	0007d863          	bgez	a5,2916 <_printf_i+0x80>
    290a:	02d00713          	li	a4,45
    290e:	40f007b3          	neg	a5,a5
    2912:	04e401a3          	sb	a4,67(s0)
    2916:	00001697          	auipc	a3,0x1
    291a:	88e68693          	addi	a3,a3,-1906 # 31a4 <__sf_fake_stdout+0x34>
    291e:	4729                	li	a4,10
    2920:	a865                	j	29d8 <_printf_i+0x142>
    2922:	07000793          	li	a5,112
    2926:	16f68263          	beq	a3,a5,2a8a <_printf_i+0x1f4>
    292a:	02d7e563          	bltu	a5,a3,2954 <_printf_i+0xbe>
    292e:	06e00793          	li	a5,110
    2932:	18f68963          	beq	a3,a5,2ac4 <_printf_i+0x22e>
    2936:	06f00793          	li	a5,111
    293a:	faf690e3          	bne	a3,a5,28da <_printf_i+0x44>
    293e:	400c                	lw	a1,0(s0)
    2940:	431c                	lw	a5,0(a4)
    2942:	0805f813          	andi	a6,a1,128
    2946:	00478513          	addi	a0,a5,4
    294a:	06080763          	beqz	a6,29b8 <_printf_i+0x122>
    294e:	c308                	sw	a0,0(a4)
    2950:	439c                	lw	a5,0(a5)
    2952:	a885                	j	29c2 <_printf_i+0x12c>
    2954:	07500793          	li	a5,117
    2958:	fef683e3          	beq	a3,a5,293e <_printf_i+0xa8>
    295c:	07800793          	li	a5,120
    2960:	12f68963          	beq	a3,a5,2a92 <_printf_i+0x1fc>
    2964:	07300793          	li	a5,115
    2968:	f6f699e3          	bne	a3,a5,28da <_printf_i+0x44>
    296c:	431c                	lw	a5,0(a4)
    296e:	41d0                	lw	a2,4(a1)
    2970:	4581                	li	a1,0
    2972:	00478693          	addi	a3,a5,4
    2976:	c314                	sw	a3,0(a4)
    2978:	0007aa83          	lw	s5,0(a5)
    297c:	8556                	mv	a0,s5
    297e:	268d                	jal	2ce0 <memchr>
    2980:	c501                	beqz	a0,2988 <_printf_i+0xf2>
    2982:	41550533          	sub	a0,a0,s5
    2986:	c048                	sw	a0,4(s0)
    2988:	405c                	lw	a5,4(s0)
    298a:	c81c                	sw	a5,16(s0)
    298c:	040401a3          	sb	zero,67(s0)
    2990:	a861                	j	2a28 <_printf_i+0x192>
    2992:	431c                	lw	a5,0(a4)
    2994:	04240a93          	addi	s5,s0,66
    2998:	00478693          	addi	a3,a5,4
    299c:	439c                	lw	a5,0(a5)
    299e:	c314                	sw	a3,0(a4)
    29a0:	04f40123          	sb	a5,66(s0)
    29a4:	4785                	li	a5,1
    29a6:	b7d5                	j	298a <_printf_i+0xf4>
    29a8:	0407f693          	andi	a3,a5,64
    29ac:	411c                	lw	a5,0(a0)
    29ae:	c30c                	sw	a1,0(a4)
    29b0:	dab9                	beqz	a3,2906 <_printf_i+0x70>
    29b2:	07c2                	slli	a5,a5,0x10
    29b4:	87c1                	srai	a5,a5,0x10
    29b6:	bf81                	j	2906 <_printf_i+0x70>
    29b8:	0405f593          	andi	a1,a1,64
    29bc:	c308                	sw	a0,0(a4)
    29be:	d9c9                	beqz	a1,2950 <_printf_i+0xba>
    29c0:	239e                	lhu	a5,0(a5)
    29c2:	06f00713          	li	a4,111
    29c6:	0ee68763          	beq	a3,a4,2ab4 <_printf_i+0x21e>
    29ca:	00000697          	auipc	a3,0x0
    29ce:	7da68693          	addi	a3,a3,2010 # 31a4 <__sf_fake_stdout+0x34>
    29d2:	4729                	li	a4,10
    29d4:	040401a3          	sb	zero,67(s0)
    29d8:	404c                	lw	a1,4(s0)
    29da:	c40c                	sw	a1,8(s0)
    29dc:	0005c563          	bltz	a1,29e6 <_printf_i+0x150>
    29e0:	4008                	lw	a0,0(s0)
    29e2:	996d                	andi	a0,a0,-5
    29e4:	c008                	sw	a0,0(s0)
    29e6:	e399                	bnez	a5,29ec <_printf_i+0x156>
    29e8:	8ab2                	mv	s5,a2
    29ea:	cd89                	beqz	a1,2a04 <_printf_i+0x16e>
    29ec:	8ab2                	mv	s5,a2
    29ee:	02e7f5b3          	remu	a1,a5,a4
    29f2:	1afd                	addi	s5,s5,-1
    29f4:	95b6                	add	a1,a1,a3
    29f6:	218c                	lbu	a1,0(a1)
    29f8:	00ba8023          	sb	a1,0(s5)
    29fc:	02e7d5b3          	divu	a1,a5,a4
    2a00:	0ce7f063          	bgeu	a5,a4,2ac0 <_printf_i+0x22a>
    2a04:	47a1                	li	a5,8
    2a06:	00f71e63          	bne	a4,a5,2a22 <_printf_i+0x18c>
    2a0a:	401c                	lw	a5,0(s0)
    2a0c:	8b85                	andi	a5,a5,1
    2a0e:	cb91                	beqz	a5,2a22 <_printf_i+0x18c>
    2a10:	4058                	lw	a4,4(s0)
    2a12:	481c                	lw	a5,16(s0)
    2a14:	00e7c763          	blt	a5,a4,2a22 <_printf_i+0x18c>
    2a18:	03000793          	li	a5,48
    2a1c:	fefa8fa3          	sb	a5,-1(s5)
    2a20:	1afd                	addi	s5,s5,-1
    2a22:	41560633          	sub	a2,a2,s5
    2a26:	c810                	sw	a2,16(s0)
    2a28:	874e                	mv	a4,s3
    2a2a:	86ca                	mv	a3,s2
    2a2c:	0070                	addi	a2,sp,12
    2a2e:	85a2                	mv	a1,s0
    2a30:	8526                	mv	a0,s1
    2a32:	d59ff0ef          	jal	ra,278a <_printf_common>
    2a36:	5a7d                	li	s4,-1
    2a38:	0b451d63          	bne	a0,s4,2af2 <_printf_i+0x25c>
    2a3c:	557d                	li	a0,-1
    2a3e:	50b2                	lw	ra,44(sp)
    2a40:	5422                	lw	s0,40(sp)
    2a42:	5492                	lw	s1,36(sp)
    2a44:	5902                	lw	s2,32(sp)
    2a46:	49f2                	lw	s3,28(sp)
    2a48:	4a62                	lw	s4,24(sp)
    2a4a:	4ad2                	lw	s5,20(sp)
    2a4c:	4b42                	lw	s6,16(sp)
    2a4e:	6145                	addi	sp,sp,48
    2a50:	8082                	ret
    2a52:	04d582a3          	sb	a3,69(a1)
    2a56:	00000697          	auipc	a3,0x0
    2a5a:	74e68693          	addi	a3,a3,1870 # 31a4 <__sf_fake_stdout+0x34>
    2a5e:	400c                	lw	a1,0(s0)
    2a60:	4308                	lw	a0,0(a4)
    2a62:	0805f813          	andi	a6,a1,128
    2a66:	411c                	lw	a5,0(a0)
    2a68:	0511                	addi	a0,a0,4
    2a6a:	02080d63          	beqz	a6,2aa4 <_printf_i+0x20e>
    2a6e:	c308                	sw	a0,0(a4)
    2a70:	0015f713          	andi	a4,a1,1
    2a74:	c701                	beqz	a4,2a7c <_printf_i+0x1e6>
    2a76:	0205e593          	ori	a1,a1,32
    2a7a:	c00c                	sw	a1,0(s0)
    2a7c:	4741                	li	a4,16
    2a7e:	fbb9                	bnez	a5,29d4 <_printf_i+0x13e>
    2a80:	400c                	lw	a1,0(s0)
    2a82:	fdf5f593          	andi	a1,a1,-33
    2a86:	c00c                	sw	a1,0(s0)
    2a88:	b7b1                	j	29d4 <_printf_i+0x13e>
    2a8a:	419c                	lw	a5,0(a1)
    2a8c:	0207e793          	ori	a5,a5,32
    2a90:	c19c                	sw	a5,0(a1)
    2a92:	07800793          	li	a5,120
    2a96:	04f402a3          	sb	a5,69(s0)
    2a9a:	00000697          	auipc	a3,0x0
    2a9e:	71e68693          	addi	a3,a3,1822 # 31b8 <__sf_fake_stdout+0x48>
    2aa2:	bf75                	j	2a5e <_printf_i+0x1c8>
    2aa4:	0405f813          	andi	a6,a1,64
    2aa8:	c308                	sw	a0,0(a4)
    2aaa:	fc0803e3          	beqz	a6,2a70 <_printf_i+0x1da>
    2aae:	07c2                	slli	a5,a5,0x10
    2ab0:	83c1                	srli	a5,a5,0x10
    2ab2:	bf7d                	j	2a70 <_printf_i+0x1da>
    2ab4:	00000697          	auipc	a3,0x0
    2ab8:	6f068693          	addi	a3,a3,1776 # 31a4 <__sf_fake_stdout+0x34>
    2abc:	4721                	li	a4,8
    2abe:	bf19                	j	29d4 <_printf_i+0x13e>
    2ac0:	87ae                	mv	a5,a1
    2ac2:	b735                	j	29ee <_printf_i+0x158>
    2ac4:	4194                	lw	a3,0(a1)
    2ac6:	431c                	lw	a5,0(a4)
    2ac8:	49cc                	lw	a1,20(a1)
    2aca:	0806f813          	andi	a6,a3,128
    2ace:	00478513          	addi	a0,a5,4
    2ad2:	00080663          	beqz	a6,2ade <_printf_i+0x248>
    2ad6:	c308                	sw	a0,0(a4)
    2ad8:	439c                	lw	a5,0(a5)
    2ada:	c38c                	sw	a1,0(a5)
    2adc:	a039                	j	2aea <_printf_i+0x254>
    2ade:	c308                	sw	a0,0(a4)
    2ae0:	0406f693          	andi	a3,a3,64
    2ae4:	439c                	lw	a5,0(a5)
    2ae6:	daf5                	beqz	a3,2ada <_printf_i+0x244>
    2ae8:	a38e                	sh	a1,0(a5)
    2aea:	00042823          	sw	zero,16(s0)
    2aee:	8ab2                	mv	s5,a2
    2af0:	bf25                	j	2a28 <_printf_i+0x192>
    2af2:	4814                	lw	a3,16(s0)
    2af4:	8656                	mv	a2,s5
    2af6:	85ca                	mv	a1,s2
    2af8:	8526                	mv	a0,s1
    2afa:	9982                	jalr	s3
    2afc:	f54500e3          	beq	a0,s4,2a3c <_printf_i+0x1a6>
    2b00:	401c                	lw	a5,0(s0)
    2b02:	8b89                	andi	a5,a5,2
    2b04:	e78d                	bnez	a5,2b2e <_printf_i+0x298>
    2b06:	47b2                	lw	a5,12(sp)
    2b08:	4448                	lw	a0,12(s0)
    2b0a:	f2f55ae3          	bge	a0,a5,2a3e <_printf_i+0x1a8>
    2b0e:	853e                	mv	a0,a5
    2b10:	b73d                	j	2a3e <_printf_i+0x1a8>
    2b12:	4685                	li	a3,1
    2b14:	8656                	mv	a2,s5
    2b16:	85ca                	mv	a1,s2
    2b18:	8526                	mv	a0,s1
    2b1a:	9982                	jalr	s3
    2b1c:	f36500e3          	beq	a0,s6,2a3c <_printf_i+0x1a6>
    2b20:	0a05                	addi	s4,s4,1
    2b22:	445c                	lw	a5,12(s0)
    2b24:	4732                	lw	a4,12(sp)
    2b26:	8f99                	sub	a5,a5,a4
    2b28:	fefa45e3          	blt	s4,a5,2b12 <_printf_i+0x27c>
    2b2c:	bfe9                	j	2b06 <_printf_i+0x270>
    2b2e:	4a01                	li	s4,0
    2b30:	01940a93          	addi	s5,s0,25
    2b34:	5b7d                	li	s6,-1
    2b36:	b7f5                	j	2b22 <_printf_i+0x28c>

00002b38 <_sbrk_r>:
    2b38:	1141                	addi	sp,sp,-16
    2b3a:	c422                	sw	s0,8(sp)
    2b3c:	842a                	mv	s0,a0
    2b3e:	852e                	mv	a0,a1
    2b40:	8e01a623          	sw	zero,-1812(gp) # 2000019c <errno>
    2b44:	c606                	sw	ra,12(sp)
    2b46:	dc7fe0ef          	jal	ra,190c <_sbrk>
    2b4a:	57fd                	li	a5,-1
    2b4c:	00f51763          	bne	a0,a5,2b5a <_sbrk_r+0x22>
    2b50:	8ec18793          	addi	a5,gp,-1812 # 2000019c <errno>
    2b54:	439c                	lw	a5,0(a5)
    2b56:	c391                	beqz	a5,2b5a <_sbrk_r+0x22>
    2b58:	c01c                	sw	a5,0(s0)
    2b5a:	40b2                	lw	ra,12(sp)
    2b5c:	4422                	lw	s0,8(sp)
    2b5e:	0141                	addi	sp,sp,16
    2b60:	8082                	ret

00002b62 <__sread>:
    2b62:	1141                	addi	sp,sp,-16
    2b64:	c422                	sw	s0,8(sp)
    2b66:	842e                	mv	s0,a1
    2b68:	00e59583          	lh	a1,14(a1)
    2b6c:	c606                	sw	ra,12(sp)
    2b6e:	2279                	jal	2cfc <_read_r>
    2b70:	00054963          	bltz	a0,2b82 <__sread+0x20>
    2b74:	487c                	lw	a5,84(s0)
    2b76:	97aa                	add	a5,a5,a0
    2b78:	c87c                	sw	a5,84(s0)
    2b7a:	40b2                	lw	ra,12(sp)
    2b7c:	4422                	lw	s0,8(sp)
    2b7e:	0141                	addi	sp,sp,16
    2b80:	8082                	ret
    2b82:	245e                	lhu	a5,12(s0)
    2b84:	777d                	lui	a4,0xfffff
    2b86:	177d                	addi	a4,a4,-1
    2b88:	8ff9                	and	a5,a5,a4
    2b8a:	a45e                	sh	a5,12(s0)
    2b8c:	b7fd                	j	2b7a <__sread+0x18>

00002b8e <__swrite>:
    2b8e:	25de                	lhu	a5,12(a1)
    2b90:	1101                	addi	sp,sp,-32
    2b92:	cc22                	sw	s0,24(sp)
    2b94:	ca26                	sw	s1,20(sp)
    2b96:	c84a                	sw	s2,16(sp)
    2b98:	c64e                	sw	s3,12(sp)
    2b9a:	ce06                	sw	ra,28(sp)
    2b9c:	1007f793          	andi	a5,a5,256
    2ba0:	84aa                	mv	s1,a0
    2ba2:	842e                	mv	s0,a1
    2ba4:	8932                	mv	s2,a2
    2ba6:	89b6                	mv	s3,a3
    2ba8:	c791                	beqz	a5,2bb4 <__swrite+0x26>
    2baa:	00e59583          	lh	a1,14(a1)
    2bae:	4689                	li	a3,2
    2bb0:	4601                	li	a2,0
    2bb2:	2209                	jal	2cb4 <_lseek_r>
    2bb4:	245e                	lhu	a5,12(s0)
    2bb6:	777d                	lui	a4,0xfffff
    2bb8:	177d                	addi	a4,a4,-1
    2bba:	8ff9                	and	a5,a5,a4
    2bbc:	a45e                	sh	a5,12(s0)
    2bbe:	00e41583          	lh	a1,14(s0)
    2bc2:	4462                	lw	s0,24(sp)
    2bc4:	40f2                	lw	ra,28(sp)
    2bc6:	86ce                	mv	a3,s3
    2bc8:	864a                	mv	a2,s2
    2bca:	49b2                	lw	s3,12(sp)
    2bcc:	4942                	lw	s2,16(sp)
    2bce:	8526                	mv	a0,s1
    2bd0:	44d2                	lw	s1,20(sp)
    2bd2:	6105                	addi	sp,sp,32
    2bd4:	a825                	j	2c0c <_write_r>

00002bd6 <__sseek>:
    2bd6:	1141                	addi	sp,sp,-16
    2bd8:	c422                	sw	s0,8(sp)
    2bda:	842e                	mv	s0,a1
    2bdc:	00e59583          	lh	a1,14(a1)
    2be0:	c606                	sw	ra,12(sp)
    2be2:	28c9                	jal	2cb4 <_lseek_r>
    2be4:	57fd                	li	a5,-1
    2be6:	245a                	lhu	a4,12(s0)
    2be8:	00f51a63          	bne	a0,a5,2bfc <__sseek+0x26>
    2bec:	77fd                	lui	a5,0xfffff
    2bee:	17fd                	addi	a5,a5,-1
    2bf0:	8ff9                	and	a5,a5,a4
    2bf2:	a45e                	sh	a5,12(s0)
    2bf4:	40b2                	lw	ra,12(sp)
    2bf6:	4422                	lw	s0,8(sp)
    2bf8:	0141                	addi	sp,sp,16
    2bfa:	8082                	ret
    2bfc:	6785                	lui	a5,0x1
    2bfe:	8fd9                	or	a5,a5,a4
    2c00:	a45e                	sh	a5,12(s0)
    2c02:	c868                	sw	a0,84(s0)
    2c04:	bfc5                	j	2bf4 <__sseek+0x1e>

00002c06 <__sclose>:
    2c06:	00e59583          	lh	a1,14(a1)
    2c0a:	a805                	j	2c3a <_close_r>

00002c0c <_write_r>:
    2c0c:	1141                	addi	sp,sp,-16
    2c0e:	c422                	sw	s0,8(sp)
    2c10:	842a                	mv	s0,a0
    2c12:	852e                	mv	a0,a1
    2c14:	85b2                	mv	a1,a2
    2c16:	8636                	mv	a2,a3
    2c18:	8e01a623          	sw	zero,-1812(gp) # 2000019c <errno>
    2c1c:	c606                	sw	ra,12(sp)
    2c1e:	cb5fe0ef          	jal	ra,18d2 <_write>
    2c22:	57fd                	li	a5,-1
    2c24:	00f51763          	bne	a0,a5,2c32 <_write_r+0x26>
    2c28:	8ec18793          	addi	a5,gp,-1812 # 2000019c <errno>
    2c2c:	439c                	lw	a5,0(a5)
    2c2e:	c391                	beqz	a5,2c32 <_write_r+0x26>
    2c30:	c01c                	sw	a5,0(s0)
    2c32:	40b2                	lw	ra,12(sp)
    2c34:	4422                	lw	s0,8(sp)
    2c36:	0141                	addi	sp,sp,16
    2c38:	8082                	ret

00002c3a <_close_r>:
    2c3a:	1141                	addi	sp,sp,-16
    2c3c:	c422                	sw	s0,8(sp)
    2c3e:	842a                	mv	s0,a0
    2c40:	852e                	mv	a0,a1
    2c42:	8e01a623          	sw	zero,-1812(gp) # 2000019c <errno>
    2c46:	c606                	sw	ra,12(sp)
    2c48:	20c5                	jal	2d28 <_close>
    2c4a:	57fd                	li	a5,-1
    2c4c:	00f51763          	bne	a0,a5,2c5a <_close_r+0x20>
    2c50:	8ec18793          	addi	a5,gp,-1812 # 2000019c <errno>
    2c54:	439c                	lw	a5,0(a5)
    2c56:	c391                	beqz	a5,2c5a <_close_r+0x20>
    2c58:	c01c                	sw	a5,0(s0)
    2c5a:	40b2                	lw	ra,12(sp)
    2c5c:	4422                	lw	s0,8(sp)
    2c5e:	0141                	addi	sp,sp,16
    2c60:	8082                	ret

00002c62 <_fstat_r>:
    2c62:	1141                	addi	sp,sp,-16
    2c64:	c422                	sw	s0,8(sp)
    2c66:	842a                	mv	s0,a0
    2c68:	852e                	mv	a0,a1
    2c6a:	85b2                	mv	a1,a2
    2c6c:	8e01a623          	sw	zero,-1812(gp) # 2000019c <errno>
    2c70:	c606                	sw	ra,12(sp)
    2c72:	20c9                	jal	2d34 <_fstat>
    2c74:	57fd                	li	a5,-1
    2c76:	00f51763          	bne	a0,a5,2c84 <_fstat_r+0x22>
    2c7a:	8ec18793          	addi	a5,gp,-1812 # 2000019c <errno>
    2c7e:	439c                	lw	a5,0(a5)
    2c80:	c391                	beqz	a5,2c84 <_fstat_r+0x22>
    2c82:	c01c                	sw	a5,0(s0)
    2c84:	40b2                	lw	ra,12(sp)
    2c86:	4422                	lw	s0,8(sp)
    2c88:	0141                	addi	sp,sp,16
    2c8a:	8082                	ret

00002c8c <_isatty_r>:
    2c8c:	1141                	addi	sp,sp,-16
    2c8e:	c422                	sw	s0,8(sp)
    2c90:	842a                	mv	s0,a0
    2c92:	852e                	mv	a0,a1
    2c94:	8e01a623          	sw	zero,-1812(gp) # 2000019c <errno>
    2c98:	c606                	sw	ra,12(sp)
    2c9a:	205d                	jal	2d40 <_isatty>
    2c9c:	57fd                	li	a5,-1
    2c9e:	00f51763          	bne	a0,a5,2cac <_isatty_r+0x20>
    2ca2:	8ec18793          	addi	a5,gp,-1812 # 2000019c <errno>
    2ca6:	439c                	lw	a5,0(a5)
    2ca8:	c391                	beqz	a5,2cac <_isatty_r+0x20>
    2caa:	c01c                	sw	a5,0(s0)
    2cac:	40b2                	lw	ra,12(sp)
    2cae:	4422                	lw	s0,8(sp)
    2cb0:	0141                	addi	sp,sp,16
    2cb2:	8082                	ret

00002cb4 <_lseek_r>:
    2cb4:	1141                	addi	sp,sp,-16
    2cb6:	c422                	sw	s0,8(sp)
    2cb8:	842a                	mv	s0,a0
    2cba:	852e                	mv	a0,a1
    2cbc:	85b2                	mv	a1,a2
    2cbe:	8636                	mv	a2,a3
    2cc0:	8e01a623          	sw	zero,-1812(gp) # 2000019c <errno>
    2cc4:	c606                	sw	ra,12(sp)
    2cc6:	2059                	jal	2d4c <_lseek>
    2cc8:	57fd                	li	a5,-1
    2cca:	00f51763          	bne	a0,a5,2cd8 <_lseek_r+0x24>
    2cce:	8ec18793          	addi	a5,gp,-1812 # 2000019c <errno>
    2cd2:	439c                	lw	a5,0(a5)
    2cd4:	c391                	beqz	a5,2cd8 <_lseek_r+0x24>
    2cd6:	c01c                	sw	a5,0(s0)
    2cd8:	40b2                	lw	ra,12(sp)
    2cda:	4422                	lw	s0,8(sp)
    2cdc:	0141                	addi	sp,sp,16
    2cde:	8082                	ret

00002ce0 <memchr>:
    2ce0:	0ff5f593          	andi	a1,a1,255
    2ce4:	962a                	add	a2,a2,a0
    2ce6:	00c51463          	bne	a0,a2,2cee <memchr+0xe>
    2cea:	4501                	li	a0,0
    2cec:	8082                	ret
    2cee:	211c                	lbu	a5,0(a0)
    2cf0:	feb78ee3          	beq	a5,a1,2cec <memchr+0xc>
    2cf4:	0505                	addi	a0,a0,1
    2cf6:	bfc5                	j	2ce6 <memchr+0x6>

00002cf8 <__malloc_lock>:
    2cf8:	8082                	ret

00002cfa <__malloc_unlock>:
    2cfa:	8082                	ret

00002cfc <_read_r>:
    2cfc:	1141                	addi	sp,sp,-16
    2cfe:	c422                	sw	s0,8(sp)
    2d00:	842a                	mv	s0,a0
    2d02:	852e                	mv	a0,a1
    2d04:	85b2                	mv	a1,a2
    2d06:	8636                	mv	a2,a3
    2d08:	8e01a623          	sw	zero,-1812(gp) # 2000019c <errno>
    2d0c:	c606                	sw	ra,12(sp)
    2d0e:	20a9                	jal	2d58 <_read>
    2d10:	57fd                	li	a5,-1
    2d12:	00f51763          	bne	a0,a5,2d20 <_read_r+0x24>
    2d16:	8ec18793          	addi	a5,gp,-1812 # 2000019c <errno>
    2d1a:	439c                	lw	a5,0(a5)
    2d1c:	c391                	beqz	a5,2d20 <_read_r+0x24>
    2d1e:	c01c                	sw	a5,0(s0)
    2d20:	40b2                	lw	ra,12(sp)
    2d22:	4422                	lw	s0,8(sp)
    2d24:	0141                	addi	sp,sp,16
    2d26:	8082                	ret

00002d28 <_close>:
    2d28:	05800793          	li	a5,88
    2d2c:	8ef1a623          	sw	a5,-1812(gp) # 2000019c <errno>
    2d30:	557d                	li	a0,-1
    2d32:	8082                	ret

00002d34 <_fstat>:
    2d34:	05800793          	li	a5,88
    2d38:	8ef1a623          	sw	a5,-1812(gp) # 2000019c <errno>
    2d3c:	557d                	li	a0,-1
    2d3e:	8082                	ret

00002d40 <_isatty>:
    2d40:	05800793          	li	a5,88
    2d44:	8ef1a623          	sw	a5,-1812(gp) # 2000019c <errno>
    2d48:	4501                	li	a0,0
    2d4a:	8082                	ret

00002d4c <_lseek>:
    2d4c:	05800793          	li	a5,88
    2d50:	8ef1a623          	sw	a5,-1812(gp) # 2000019c <errno>
    2d54:	557d                	li	a0,-1
    2d56:	8082                	ret

00002d58 <_read>:
    2d58:	05800793          	li	a5,88
    2d5c:	8ef1a623          	sw	a5,-1812(gp) # 2000019c <errno>
    2d60:	557d                	li	a0,-1
    2d62:	8082                	ret
    2d64:	02d6                	slli	t0,t0,0x15
    2d66:	0000                	unimp
    2d68:	0300                	addi	s0,sp,384
    2d6a:	0000                	unimp
    2d6c:	0316                	slli	t1,t1,0x5
    2d6e:	0000                	unimp
    2d70:	032c                	addi	a1,sp,392
    2d72:	0000                	unimp
    2d74:	0360                	addi	s0,sp,396
    2d76:	0000                	unimp
    2d78:	037c                	addi	a5,sp,396
    2d7a:	0000                	unimp
    2d7c:	204d                	jal	2e1e <_read+0xc6>
    2d7e:	74737953          	0x74737953
    2d82:	6d65                	lui	s10,0x19
    2d84:	3a6b6c43          	fmadd.d	fs8,fs6,ft6,ft7,unknown
    2d88:	6425                	lui	s0,0x9
    2d8a:	0a0d                	addi	s4,s4,3
    2d8c:	0000                	unimp
    2d8e:	0000                	unimp
    2d90:	204d                	jal	2e32 <_read+0xda>
    2d92:	70696843          	fmadd.s	fa6,fs2,ft6,fa4,unknown
    2d96:	4449                	li	s0,18
    2d98:	253a                	lhu	a4,10(a0)
    2d9a:	3830                	lbu	a2,19(s0)
    2d9c:	0d78                	addi	a4,sp,668
    2d9e:	000a                	c.slli	zero,0x2
    2da0:	204d                	jal	2e42 <_read+0xea>
    2da2:	4450                	lw	a2,12(s0)
    2da4:	5320                	lw	s0,96(a4)
    2da6:	4b4e                	lw	s6,208(sp)
    2da8:	5420                	lw	s0,104(s0)
    2daa:	5345                	li	t1,-15
    2dac:	0d54                	addi	a3,sp,660
    2dae:	0000                	unimp
    2db0:	3a4d                	jal	2762 <_vfiprintf_r+0x25e>
    2db2:	4e204343          	fmadd.q	ft6,ft0,ft2,fs1,rmm
    2db6:	4320544f          	fnmadd.d	fs0,ft0,fs2,fs0,unknown
    2dba:	454e4e4f          	0x454e4e4f
    2dbe:	44455443          	0x44455443
    2dc2:	000d                	c.nop	3
    2dc4:	3a4d                	jal	2776 <_vfiprintf_r+0x272>
    2dc6:	5750                	lw	a2,44(a4)
    2dc8:	2052                	lhu	a2,4(s0)
    2dca:	4552                	lw	a0,20(sp)
    2dcc:	5551                	li	a0,-12
    2dce:	5345                	li	t1,-15
    2dd0:	2054                	lbu	a3,4(s0)
    2dd2:	43435553          	0x43435553
    2dd6:	5345                	li	t1,-15
    2dd8:	00000d53          	fadd.s	fs10,ft0,ft0,rne
    2ddc:	3a4d                	jal	278e <_printf_common+0x4>
    2dde:	20474953          	0x20474953
    2de2:	4552                	lw	a0,20(sp)
    2de4:	5551                	li	a0,-12
    2de6:	5345                	li	t1,-15
    2de8:	2054                	lbu	a3,4(s0)
    2dea:	43435553          	0x43435553
    2dee:	5345                	li	t1,-15
    2df0:	00000d53          	fadd.s	fs10,ft0,ft0,rne
    2df4:	5048                	lw	a0,36(s0)
    2df6:	5f44                	lw	s1,60(a4)
    2df8:	4156                	lw	sp,84(sp)
    2dfa:	554c                	lw	a1,44(a0)
    2dfc:	a345                	j	339c <_data_lma+0x1d0>
    2dfe:	25ba                	lhu	a4,10(a1)
    2e00:	0d64                	addi	s1,sp,668
    2e02:	000a                	c.slli	zero,0x2
    2e04:	3a4d                	jal	27b6 <_printf_common+0x2c>
    2e06:	4e45                	li	t3,17
    2e08:	4554                	lw	a3,12(a0)
    2e0a:	2052                	lhu	a2,4(s0)
    2e0c:	4450                	lw	a2,12(s0)
    2e0e:	0000                	unimp
    2e10:	6470                	flw	fa2,76(s0)
    2e12:	6e695f6f          	jal	t5,984f8 <_data_lma+0x9532c>
    2e16:	6564                	flw	fs1,76(a0)
    2e18:	2078                	lbu	a4,6(s0)
    2e1a:	7265                	lui	tp,0xffff9
    2e1c:	6f72                	flw	ft10,28(sp)
    2e1e:	2172                	lhu	a2,6(a0)
    2e20:	000d                	c.nop	3
    2e22:	0000                	unimp
    2e24:	6552                	flw	fa0,20(sp)
    2e26:	7571                	lui	a0,0xffffc
    2e28:	7365                	lui	t1,0xffff9
    2e2a:	3a74                	lbu	a3,23(a2)
    2e2c:	0a0d                	addi	s4,s4,3
    2e2e:	72727543          	fmadd.d	fa0,ft4,ft7,fa4
    2e32:	6e65                	lui	t3,0x19
    2e34:	3a74                	lbu	a3,23(a2)
    2e36:	6425                	lui	s0,0x9
    2e38:	6d20                	flw	fs0,88(a0)
    2e3a:	0d41                	addi	s10,s10,16
    2e3c:	560a                	lw	a2,160(sp)
    2e3e:	61746c6f          	jal	s8,49c54 <_data_lma+0x46a88>
    2e42:	253a6567          	0x253a6567
    2e46:	2064                	lbu	s1,6(s0)
    2e48:	566d                	li	a2,-5
    2e4a:	0a0d                	addi	s4,s4,3
    2e4c:	0000                	unimp
    2e4e:	0000                	unimp
    2e50:	64254343          	0x64254343
    2e54:	5320                	lw	s0,96(a4)
    2e56:	4352                	lw	t1,20(sp)
    2e58:	4320                	lw	s0,64(a4)
    2e5a:	656e6e6f          	jal	t3,e94b0 <_data_lma+0xe62e4>
    2e5e:	0a0d7463          	bgeu	s10,zero,2f06 <_read+0x1ae>
    2e62:	0000                	unimp
    2e64:	0b2a                	slli	s6,s6,0xa
    2e66:	0000                	unimp
    2e68:	0b84                	addi	s1,sp,464
    2e6a:	0000                	unimp
    2e6c:	0bd6                	slli	s7,s7,0x15
    2e6e:	0000                	unimp
    2e70:	0c1e                	slli	s8,s8,0x7
    2e72:	0000                	unimp
    2e74:	0c62                	slli	s8,s8,0x18
    2e76:	0000                	unimp
    2e78:	0c72                	slli	s8,s8,0x1c
    2e7a:	0000                	unimp
    2e7c:	0c6e                	slli	s8,s8,0x1b
    2e7e:	0000                	unimp
    2e80:	0c6e                	slli	s8,s8,0x1b
    2e82:	0000                	unimp
    2e84:	0c6e                	slli	s8,s8,0x1b
    2e86:	0000                	unimp
    2e88:	0c6e                	slli	s8,s8,0x1b
    2e8a:	0000                	unimp
    2e8c:	0c6e                	slli	s8,s8,0x1b
    2e8e:	0000                	unimp
    2e90:	0c6e                	slli	s8,s8,0x1b
    2e92:	0000                	unimp
    2e94:	0c6e                	slli	s8,s8,0x1b
    2e96:	0000                	unimp
    2e98:	0c6e                	slli	s8,s8,0x1b
    2e9a:	0000                	unimp
    2e9c:	0c6e                	slli	s8,s8,0x1b
    2e9e:	0000                	unimp
    2ea0:	0c7c                	addi	a5,sp,540
    2ea2:	0000                	unimp
    2ea4:	0cc4                	addi	s1,sp,596
    2ea6:	0000                	unimp
    2ea8:	0d38                	addi	a4,sp,664
    2eaa:	0000                	unimp
    2eac:	0ea8                	addi	a0,sp,856
    2eae:	0000                	unimp
    2eb0:	0d9e                	slli	s11,s11,0x7
    2eb2:	0000                	unimp
    2eb4:	0ea8                	addi	a0,sp,856
    2eb6:	0000                	unimp
    2eb8:	0ea8                	addi	a0,sp,856
    2eba:	0000                	unimp
    2ebc:	0dba                	slli	s11,s11,0xe
    2ebe:	0000                	unimp
    2ec0:	0ea8                	addi	a0,sp,856
    2ec2:	0000                	unimp
    2ec4:	0df4                	addi	a3,sp,732
    2ec6:	0000                	unimp
    2ec8:	0ea8                	addi	a0,sp,856
    2eca:	0000                	unimp
    2ecc:	0ea8                	addi	a0,sp,856
    2ece:	0000                	unimp
    2ed0:	0e82                	c.slli64	t4
    2ed2:	0000                	unimp
    2ed4:	0de6                	slli	s11,s11,0x19
    2ed6:	0000                	unimp
    2ed8:	0e1a                	slli	t3,t3,0x6
    2eda:	0000                	unimp
    2edc:	0ea8                	addi	a0,sp,856
    2ede:	0000                	unimp
    2ee0:	0e98                	addi	a4,sp,848
    2ee2:	0000                	unimp
    2ee4:	0ea8                	addi	a0,sp,856
    2ee6:	0000                	unimp
    2ee8:	0e3a                	slli	t3,t3,0xe
    2eea:	0000                	unimp
    2eec:	0e60                	addi	s0,sp,796
    2eee:	0000                	unimp
    2ef0:	3a4d                	jal	28a2 <_printf_i+0xc>
    2ef2:	6944                	flw	fs1,20(a0)
    2ef4:	6e6f6373          	csrrsi	t1,0x6e6,30
    2ef8:	656e                	flw	fa0,216(sp)
    2efa:	000d7463          	bgeu	s10,zero,2f02 <_read+0x1aa>
    2efe:	0000                	unimp
    2f00:	3149                	jal	2b82 <__sread+0x20>
    2f02:	523a                	lw	tp,172(sp)
    2f04:	4345                	li	t1,17
    2f06:	4945                	li	s2,17
    2f08:	4556                	lw	a0,84(sp)
    2f0a:	5320                	lw	s0,96(a4)
    2f0c:	4352                	lw	t1,20(sp)
    2f0e:	435f 5041 000d      	0xd5041435f
    2f14:	52554f53          	0x52554f53
    2f18:	53204543          	fmadd.d	fa0,ft0,fs2,fa0,rmm
    2f1c:	5055                	c.li	zero,-11
    2f1e:	4f50                	lw	a2,28(a4)
    2f20:	5452                	lw	s0,52(sp)
    2f22:	0d3a                	slli	s10,s10,0xe
    2f24:	0000                	unimp
    2f26:	0000                	unimp
    2f28:	4450                	lw	a2,12(s0)
    2f2a:	64253a4f          	0x64253a4f
    2f2e:	2520                	lbu	s0,10(a0)
    2f30:	6d64                	flw	fs1,92(a0)
    2f32:	0d56                	slli	s10,s10,0x15
    2f34:	000a                	c.slli	zero,0x2
    2f36:	0000                	unimp
    2f38:	3149                	jal	2bba <__swrite+0x2c>
    2f3a:	523a                	lw	tp,172(sp)
    2f3c:	4345                	li	t1,17
    2f3e:	4945                	li	s2,17
    2f40:	4556                	lw	a0,84(sp)
    2f42:	4120                	lw	s0,64(a0)
    2f44:	50454343          	fmadd.s	ft6,fa0,ft4,fa0,rmm
    2f48:	0d54                	addi	a3,sp,660
    2f4a:	0000                	unimp
    2f4c:	3149                	jal	2bce <__swrite+0x40>
    2f4e:	523a                	lw	tp,172(sp)
    2f50:	4345                	li	t1,17
    2f52:	4945                	li	s2,17
    2f54:	4556                	lw	a0,84(sp)
    2f56:	5020                	lw	s0,96(s0)
    2f58:	44525f53          	0x44525f53
    2f5c:	0d59                	addi	s10,s10,22
    2f5e:	0000                	unimp
    2f60:	6f70                	flw	fa2,92(a4)
    2f62:	20726577          	0x20726577
    2f66:	63637573          	csrrci	a0,0x636,6
    2f6a:	7365                	lui	t1,0xffff9
    2f6c:	00000d73          	0xd73
    2f70:	3149                	jal	2bf2 <__sseek+0x1c>
    2f72:	523a                	lw	tp,172(sp)
    2f74:	4345                	li	t1,17
    2f76:	4945                	li	s2,17
    2f78:	4556                	lw	a0,84(sp)
    2f7a:	5720                	lw	s0,104(a4)
    2f7c:	4941                	li	s2,16
    2f7e:	0d54                	addi	a3,sp,660
    2f80:	0000                	unimp
    2f82:	0000                	unimp
    2f84:	3149                	jal	2c06 <__sclose>
    2f86:	523a                	lw	tp,172(sp)
    2f88:	4345                	li	t1,17
    2f8a:	4945                	li	s2,17
    2f8c:	4556                	lw	a0,84(sp)
    2f8e:	4720                	lw	s0,72(a4)
    2f90:	5445                	li	s0,-15
    2f92:	535f 4b4e 435f      	0x435f4b4e535f
    2f98:	5041                	c.li	zero,-16
    2f9a:	000d                	c.nop	3
    2f9c:	3149                	jal	2c1e <_write_r+0x12>
    2f9e:	523a                	lw	tp,172(sp)
    2fa0:	4345                	li	t1,17
    2fa2:	4945                	li	s2,17
    2fa4:	4556                	lw	a0,84(sp)
    2fa6:	5320                	lw	s0,96(a4)
    2fa8:	5f54464f          	fnmadd.q	fa2,fs0,fs5,fa1,rmm
    2fac:	4552                	lw	a0,20(sp)
    2fae:	0d544553          	0xd544553
    2fb2:	0000                	unimp
    2fb4:	3149                	jal	2c36 <_write_r+0x2a>
    2fb6:	523a                	lw	tp,172(sp)
    2fb8:	4345                	li	t1,17
    2fba:	4945                	li	s2,17
    2fbc:	4556                	lw	a0,84(sp)
    2fbe:	4720                	lw	s0,72(a4)
    2fc0:	5445                	li	s0,-15
    2fc2:	535f 4352 435f      	0x435f4352535f
    2fc8:	5041                	c.li	zero,-16
    2fca:	455f 0d58 0000      	0xd58455f
    2fd0:	3149                	jal	2c52 <_close_r+0x18>
    2fd2:	523a                	lw	tp,172(sp)
    2fd4:	4345                	li	t1,17
    2fd6:	4945                	li	s2,17
    2fd8:	4556                	lw	a0,84(sp)
    2fda:	4720                	lw	s0,72(a4)
    2fdc:	5445                	li	s0,-15
    2fde:	535f 4154 5554      	0x55544154535f
    2fe4:	00000d53          	fadd.s	fs10,ft0,ft0,rne
    2fe8:	3149                	jal	2c6a <_fstat_r+0x8>
    2fea:	523a                	lw	tp,172(sp)
    2fec:	4345                	li	t1,17
    2fee:	4945                	li	s2,17
    2ff0:	4556                	lw	a0,84(sp)
    2ff2:	5620                	lw	s0,104(a2)
    2ff4:	4e4e4f43          	fmadd.q	ft10,ft8,ft4,fs1,rmm
    2ff8:	535f 4157 0d50      	0xd504157535f
    2ffe:	0000                	unimp
    3000:	3149                	jal	2c82 <_fstat_r+0x20>
    3002:	523a                	lw	tp,172(sp)
    3004:	4345                	li	t1,17
    3006:	4945                	li	s2,17
    3008:	4556                	lw	a0,84(sp)
    300a:	5620                	lw	s0,104(a2)
    300c:	4e45                	li	t3,17
    300e:	4f44                	lw	s1,28(a4)
    3010:	5f52                	lw	t5,52(sp)
    3012:	4544                	lw	s1,12(a0)
    3014:	4946                	lw	s2,80(sp)
    3016:	454e                	lw	a0,208(sp)
    3018:	0d44                	addi	s1,sp,660
    301a:	0000                	unimp
    301c:	6e55                	lui	t3,0x15
    301e:	70707573          	csrrci	a0,0x707,0
    3022:	6574726f          	jal	tp,4ae78 <_data_lma+0x47cac>
    3026:	2064                	lbu	s1,6(s0)
    3028:	6d6d6f43          	0x6d6d6f43
    302c:	6e61                	lui	t3,0x18
    302e:	0d64                	addi	s1,sp,668
    3030:	0000                	unimp
    3032:	0000                	unimp
    3034:	3049                	jal	28b6 <_printf_i+0x20>
    3036:	413a                	lw	sp,140(sp)
    3038:	534e                	lw	t1,240(sp)
    303a:	20524557          	0x20524557
    303e:	444f4f47          	0x444f4f47
    3042:	0d435243          	0xd435243
    3046:	0000                	unimp
    3048:	3049                	jal	28ca <_printf_i+0x34>
    304a:	523a                	lw	tp,172(sp)
    304c:	4345                	li	t1,17
    304e:	4945                	li	s2,17
    3050:	4556                	lw	a0,84(sp)
    3052:	2044                	lbu	s1,4(s0)
    3054:	444f4f47          	0x444f4f47
    3058:	0d435243          	0xd435243
    305c:	0000                	unimp
    305e:	0000                	unimp
    3060:	3049                	jal	28e2 <_printf_i+0x4c>
    3062:	493a                	lw	s2,140(sp)
    3064:	5f46                	lw	t5,112(sp)
    3066:	5852                	lw	a6,52(sp)
    3068:	525f 5345 5445      	0x54455345525f
    306e:	000d                	c.nop	3
    3070:	3249                	jal	29f2 <_printf_i+0x15c>
    3072:	443a                	lw	s0,140(sp)
    3074:	7369                	lui	t1,0xffffa
    3076:	65766f63          	bltu	a2,s7,36d4 <_data_lma+0x508>
    307a:	2072                	lhu	a2,6(s0)
    307c:	6449                	lui	s0,0x12
    307e:	6e65                	lui	t3,0x19
    3080:	6974                	flw	fa3,84(a0)
    3082:	7974                	flw	fa3,116(a0)
    3084:	7220                	flw	fs0,96(a2)
    3086:	6365                	lui	t1,0x19
    3088:	6965                	lui	s2,0x19
    308a:	6576                	flw	fa0,92(sp)
    308c:	0d64                	addi	s1,sp,668
    308e:	0000                	unimp
    3090:	3249                	jal	2a12 <_printf_i+0x17c>
    3092:	443a                	lw	s0,140(sp)
    3094:	7369                	lui	t1,0xffffa
    3096:	65766f63          	bltu	a2,s7,36f4 <_data_lma+0x528>
    309a:	2072                	lhu	a2,6(s0)
    309c:	44495653          	0x44495653
    30a0:	65722073          	csrs	0x657,tp
    30a4:	76696563          	bltu	s2,t1,380e <_data_lma+0x642>
    30a8:	6465                	lui	s0,0x19
    30aa:	000d                	c.nop	3
    30ac:	3249                	jal	2a2e <_printf_i+0x198>
    30ae:	443a                	lw	s0,140(sp)
    30b0:	7369                	lui	t1,0xffffa
    30b2:	65766f63          	bltu	a2,s7,3710 <_data_lma+0x544>
    30b6:	2072                	lhu	a2,6(s0)
    30b8:	6f4d                	lui	t5,0x13
    30ba:	6564                	flw	fs1,76(a0)
    30bc:	65722073          	csrs	0x657,tp
    30c0:	76696563          	bltu	s2,t1,382a <_data_lma+0x65e>
    30c4:	6465                	lui	s0,0x19
    30c6:	000d                	c.nop	3
    30c8:	3249                	jal	2a4a <_printf_i+0x1b4>
    30ca:	453a                	lw	a0,140(sp)
    30cc:	746e                	flw	fs0,248(sp)
    30ce:	7265                	lui	tp,0xffff9
    30d0:	6f4d                	lui	t5,0x13
    30d2:	6564                	flw	fs1,76(a0)
    30d4:	7220                	flw	fs0,96(a2)
    30d6:	6365                	lui	t1,0x19
    30d8:	6965                	lui	s2,0x19
    30da:	6576                	flw	fa0,92(sp)
    30dc:	0d64                	addi	s1,sp,668
    30de:	0000                	unimp
    30e0:	3249                	jal	2a62 <_printf_i+0x1cc>
    30e2:	763a                	flw	fa2,172(sp)
    30e4:	6d64                	flw	fs1,92(a0)
    30e6:	3020                	lbu	s0,3(s0)
    30e8:	0d35                	addi	s10,s10,13
    30ea:	0000                	unimp
    30ec:	3249                	jal	2a6e <_printf_i+0x1d8>
    30ee:	763a                	flw	fa2,172(sp)
    30f0:	6d64                	flw	fs1,92(a0)
    30f2:	3020                	lbu	s0,3(s0)
    30f4:	0d36                	slli	s10,s10,0xd
    30f6:	0000                	unimp
    30f8:	3249                	jal	2a7a <_printf_i+0x1e4>
    30fa:	443a                	lw	s0,140(sp)
    30fc:	7370                	flw	fa2,100(a4)
    30fe:	6174                	flw	fa3,68(a0)
    3100:	64705573          	csrrwi	a0,0x647,0
    3104:	7461                	lui	s0,0xffff8
    3106:	2065                	jal	31ae <__sf_fake_stdout+0x3e>
    3108:	6572                	flw	fa0,28(sp)
    310a:	76696563          	bltu	s2,t1,3874 <_data_lma+0x6a8>
    310e:	6465                	lui	s0,0x19
    3110:	000d                	c.nop	3
    3112:	0000                	unimp
    3114:	3249                	jal	2a96 <_printf_i+0x200>
    3116:	443a                	lw	s0,140(sp)
    3118:	2050                	lbu	a2,4(s0)
    311a:	666e6f43          	fmadd.q	ft10,ft8,ft6,fa2,unknown
    311e:	65727567          	0x65727567
    3122:	7220                	flw	fs0,96(a2)
    3124:	6365                	lui	t1,0x19
    3126:	6965                	lui	s2,0x19
    3128:	6576                	flw	fa0,92(sp)
    312a:	0d64                	addi	s1,sp,668
    312c:	0000                	unimp
	...

00003130 <__sf_fake_stderr>:
	...

00003150 <__sf_fake_stdin>:
	...

00003170 <__sf_fake_stdout>:
	...
    3190:	2d23 2b30 0020 0000 6c68 004c 6665 4567     #-0+ ...hlL.efgE
    31a0:	4746 0000 3130 3332 3534 3736 3938 4241     FG..0123456789AB
    31b0:	4443 4645 0000 0000 3130 3332 3534 3736     CDEF....01234567
    31c0:	3938 6261 6463 6665 0000 0000               89abcdef....
